Date,Racecourse,Time of Day,Surface,Race Type,Country
2025-01-01,Catterick (Afternoon) (Turf) (Jumps),Afternoon,Turf,Jumps,UK
2025-01-01,Cheltenham (Afternoon) (Turf) (Jumps),Afternoon,Turf,Jumps,UK
2025-01-01,Exeter (Afternoon) (Turf) (Jumps),Afternoon,Turf,Jumps,UK
2025-01-01,Fakenham (Afternoon) (Turf) (Jumps),Afternoon,Turf,Jumps,UK
2025-01-01,Musselburgh (Afternoon) (Turf) (Jumps),Afternoon,Turf,Jumps,UK
2025-01-01,Newcastle (Afternoon) () (Flat),Afternoon,,Flat,UK
2025-01-01,Southwell (Afternoon) (Turf) (Jumps),Afternoon,Turf,Jumps,UK
2025-01-02,Ayr (Afternoon) (Turf) (Jumps),Afternoon,Turf,Jumps,UK
2025-01-02,Huntingdon (Afternoon) (Turf) (Jumps),Afternoon,Turf,Jumps,UK
2025-01-02,Newcastle () () (),,,,UK
2025-01-03,Lingfield (Afternoon) () (Flat),Afternoon,,Flat,UK
2025-01-03,Musselburgh (Afternoon) (Turf) (Jumps),Afternoon,Turf,Jumps,UK
2025-01-03,Southwell () () (),,,,UK
2025-01-04,Newcastle (Afternoon) (Turf) (Jumps),Afternoon,Turf,Jumps,UK
2025-01-04,Sandown (Afternoon) (Turf) (Jumps),Afternoon,Turf,Jumps,UK
2025-01-04,Southwell (Afternoon) () (Flat),Afternoon,,Flat,UK
2025-01-04,Wincanton (Afternoon) (Turf) (Jumps),Afternoon,Turf,Jumps,UK
2025-01-04,Wolverhampton () () (),,,,UK
2025-01-05,Chepstow (Afternoon) (Turf) (Jumps),Afternoon,Turf,Jumps,UK
2025-01-05,Plumpton (Afternoon) (Turf) (Jumps),Afternoon,Turf,Jumps,UK
2025-01-06,Ayr (Afternoon) (Turf) (Jumps),Afternoon,Turf,Jumps,UK
2025-01-06,Ludlow (Afternoon) (Turf) (Jumps),Afternoon,Turf,Jumps,UK
2025-01-06,Wolverhampton () () (),,,,UK
2025-01-07,Hereford (Afternoon) (Turf) (Jumps),Afternoon,Turf,Jumps,UK
2025-01-07,Leicester (Afternoon) (Turf) (Jumps),Afternoon,Turf,Jumps,UK
2025-01-07,Wolverhampton () () (),,,,UK
2025-01-08,Kempton () () (),,,,UK
2025-01-08,Newcastle (Afternoon) () (Flat),Afternoon,,Flat,UK
2025-01-08,Taunton (Afternoon) (Turf) (Jumps),Afternoon,Turf,Jumps,UK
2025-01-09,Catterick (Afternoon) (Turf) (Jumps),Afternoon,Turf,Jumps,UK
2025-01-09,Chelmsford City () () (),,,,UK
2025-01-09,Lingfield (Afternoon) () (Flat),Afternoon,,Flat,UK
2025-01-09,Newbury (Afternoon) (Turf) (Jumps),Afternoon,Turf,Jumps,UK
2025-01-10,Doncaster (Afternoon) (Turf) (Jumps),Afternoon,Turf,Jumps,UK
2025-01-10,Huntingdon (Afternoon) (Turf) (Jumps),Afternoon,Turf,Jumps,UK
2025-01-10,Lingfield (Afternoon) () (Flat),Afternoon,,Flat,UK
2025-01-10,Newcastle () () (),,,,UK
2025-01-11,Kempton (Afternoon) (Turf) (Jumps),Afternoon,Turf,Jumps,UK
2025-01-11,Newcastle (Afternoon) () (Flat),Afternoon,,Flat,UK
2025-01-11,Warwick (Afternoon) (Turf) (Jumps),Afternoon,Turf,Jumps,UK
2025-01-11,Wetherby (Afternoon) (Turf) (Jumps),Afternoon,Turf,Jumps,UK
2025-01-11,Wolverhampton () () (),,,,UK
2025-01-12,Kelso (Afternoon) (Turf) (Jumps),Afternoon,Turf,Jumps,UK
2025-01-12,Lingfield (Afternoon) () (Flat),Afternoon,,Flat,UK
2025-01-13,Exeter (Afternoon) (Turf) (Jumps),Afternoon,Turf,Jumps,UK
2025-01-13,Lingfield (Afternoon) () (Flat),Afternoon,,Flat,UK
2025-01-13,Wolverhampton () () (),,,,UK
2025-01-14,Newcastle () () (),,,,UK
2025-01-14,Plumpton (Afternoon) (Turf) (Jumps),Afternoon,Turf,Jumps,UK
2025-01-14,Southwell (Afternoon) () (Flat),Afternoon,,Flat,UK
2025-01-15,Kempton () () (),,,,UK
2025-01-15,Newbury (Afternoon) (Turf) (Jumps),Afternoon,Turf,Jumps,UK
2025-01-15,Southwell (Afternoon) () (Flat),Afternoon,,Flat,UK
2025-01-16,Chelmsford City () () (),,,,UK
2025-01-16,Ludlow (Afternoon) (Turf) (Jumps),Afternoon,Turf,Jumps,UK
2025-01-16,Newcastle (Afternoon) (Turf) (Jumps),Afternoon,Turf,Jumps,UK
2025-01-16,Wincanton (Afternoon) (Turf) (Jumps),Afternoon,Turf,Jumps,UK
2025-01-17,Market Rasen (Afternoon) (Turf) (Jumps),Afternoon,Turf,Jumps,UK
2025-01-17,Newcastle (Afternoon) () (Flat),Afternoon,,Flat,UK
2025-01-17,Southwell () () (),,,,UK
2025-01-17,Windsor (Afternoon) (Turf) (Jumps),Afternoon,Turf,Jumps,UK
2025-01-18,Ascot (Afternoon) (Turf) (Jumps),Afternoon,Turf,Jumps,UK
2025-01-18,Haydock (Afternoon) (Turf) (Jumps),Afternoon,Turf,Jumps,UK
2025-01-18,Lingfield (Afternoon) () (Flat),Afternoon,,Flat,UK
2025-01-18,Taunton (Afternoon) (Turf) (Jumps),Afternoon,Turf,Jumps,UK
2025-01-18,Wolverhampton () () (),,,,UK
2025-01-19,Fakenham (Afternoon) (Turf) (Jumps),Afternoon,Turf,Jumps,UK
2025-01-19,Windsor (Afternoon) (Turf) (Jumps),Afternoon,Turf,Jumps,UK
2025-01-20,Kempton (Afternoon) () (Flat),Afternoon,,Flat,UK
2025-01-20,Warwick (Afternoon) (Turf) (Jumps),Afternoon,Turf,Jumps,UK
2025-01-20,Wolverhampton () () (),,,,UK
2025-01-21,Ayr (Afternoon) (Turf) (Jumps),Afternoon,Turf,Jumps,UK
2025-01-21,Leicester (Afternoon) (Turf) (Jumps),Afternoon,Turf,Jumps,UK
2025-01-21,Newcastle () () (),,,,UK
2025-01-22,Catterick (Afternoon) (Turf) (Jumps),Afternoon,Turf,Jumps,UK
2025-01-22,Kempton () () (),,,,UK
2025-01-22,Lingfield (Afternoon) () (Flat),Afternoon,,Flat,UK
2025-01-23,Huntingdon (Afternoon) (Turf) (Jumps),Afternoon,Turf,Jumps,UK
2025-01-23,Newcastle (Afternoon) () (Flat),Afternoon,,Flat,UK
2025-01-23,Southwell () () (),,,,UK
2025-01-23,Wetherby (Afternoon) (Turf) (Jumps),Afternoon,Turf,Jumps,UK
2025-01-24,Doncaster (Afternoon) (Turf) (Jumps),Afternoon,Turf,Jumps,UK
2025-01-24,Lingfield (Afternoon) () (Flat),Afternoon,,Flat,UK
2025-01-24,Sandown (Afternoon) (Turf) (Jumps),Afternoon,Turf,Jumps,UK
2025-01-24,Southwell () () (),,,,UK
2025-01-25,Cheltenham (Afternoon) (Turf) (Jumps),Afternoon,Turf,Jumps,UK
2025-01-25,Doncaster (Afternoon) (Turf) (Jumps),Afternoon,Turf,Jumps,UK
2025-01-25,Newcastle (Afternoon) () (Flat),Afternoon,,Flat,UK
2025-01-25,Uttoxeter (Afternoon) (Turf) (Jumps),Afternoon,Turf,Jumps,UK
2025-01-25,Wolverhampton () () (),,,,UK
2025-01-26,Fontwell (Afternoon) (Turf) (Jumps),Afternoon,Turf,Jumps,UK
2025-01-26,Sedgefield (Afternoon) (Turf) (Jumps),Afternoon,Turf,Jumps,UK
2025-01-27,Hereford (Afternoon) (Turf) (Jumps),Afternoon,Turf,Jumps,UK
2025-01-27,Plumpton (Afternoon) (Turf) (Jumps),Afternoon,Turf,Jumps,UK
2025-01-27,Wolverhampton () () (),,,,UK
2025-01-28,Chepstow (Afternoon) (Turf) (Jumps),Afternoon,Turf,Jumps,UK
2025-01-28,Newcastle (Afternoon) (Turf) (Jumps),Afternoon,Turf,Jumps,UK
2025-01-28,Wolverhampton () () (),,,,UK
2025-01-29,Exeter (Afternoon) (Turf) (Jumps),Afternoon,Turf,Jumps,UK
2025-01-29,Kempton () () (),,,,UK
2025-01-29,Leicester (Afternoon) (Turf) (Jumps),Afternoon,Turf,Jumps,UK
2025-01-30,Chelmsford City () () (),,,,UK
2025-01-30,Ffos Las (Afternoon) (Turf) (Jumps),Afternoon,Turf,Jumps,UK
2025-01-30,Southwell (Afternoon) () (Flat),Afternoon,,Flat,UK
2025-01-30,Wincanton (Afternoon) (Turf) (Jumps),Afternoon,Turf,Jumps,UK
2025-01-31,Catterick (Afternoon) (Turf) (Jumps),Afternoon,Turf,Jumps,UK
2025-01-31,Lingfield (Afternoon) (Turf) (Jumps),Afternoon,Turf,Jumps,UK
2025-01-31,Newcastle (Afternoon) () (Flat),Afternoon,,Flat,UK
2025-01-31,Southwell () () (),,,,UK
2025-02-01,Musselburgh (Afternoon) (Turf) (Jumps),Afternoon,Turf,Jumps,UK
2025-02-01,Newcastle () () (),,,,UK
2025-02-01,Sandown (Afternoon) (Turf) (Jumps),Afternoon,Turf,Jumps,UK
2025-02-01,Wetherby (Afternoon) (Turf) (Jumps),Afternoon,Turf,Jumps,UK
2025-02-01,Wolverhampton (Afternoon) () (Flat),Afternoon,,Flat,UK
2025-02-02,Lingfield (Afternoon) () (Flat),Afternoon,,Flat,UK
2025-02-02,Musselburgh (Afternoon) (Turf) (Jumps),Afternoon,Turf,Jumps,UK
2025-02-03,Carlisle (Afternoon) (Turf) (Jumps),Afternoon,Turf,Jumps,UK
2025-02-03,Southwell (Afternoon) (Turf) (Jumps),Afternoon,Turf,Jumps,UK
2025-02-03,Wolverhampton () () (),,,,UK
2025-02-04,Market Rasen (Afternoon) (Turf) (Jumps),Afternoon,Turf,Jumps,UK
2025-02-04,Newcastle () () (),,,,UK
2025-02-04,Taunton (Afternoon) (Turf) (Jumps),Afternoon,Turf,Jumps,UK
2025-02-05,Kempton () () (),,,,UK
2025-02-05,Ludlow (Afternoon) (Turf) (Jumps),Afternoon,Turf,Jumps,UK
2025-02-05,Sedgefield (Afternoon) (Turf) (Jumps),Afternoon,Turf,Jumps,UK
2025-02-06,Doncaster (Afternoon) (Turf) (Jumps),Afternoon,Turf,Jumps,UK
2025-02-06,Ffos Las (Afternoon) (Turf) (Jumps),Afternoon,Turf,Jumps,UK
2025-02-06,Huntingdon (Afternoon) (Turf) (Jumps),Afternoon,Turf,Jumps,UK
2025-02-06,Southwell () () (),,,,UK
2025-02-07,Bangor-on-Dee (Afternoon) (Turf) (Jumps),Afternoon,Turf,Jumps,UK
2025-02-07,Kempton (Afternoon) (Turf) (Jumps),Afternoon,Turf,Jumps,UK
2025-02-07,Lingfield (Afternoon) () (Flat),Afternoon,,Flat,UK
2025-02-07,Southwell () () (),,,,UK
2025-02-08,Newbury (Afternoon) (Turf) (Jumps),Afternoon,Turf,Jumps,UK
2025-02-08,Newcastle (Afternoon) () (Flat),Afternoon,,Flat,UK
2025-02-08,Uttoxeter (Afternoon) (Turf) (Jumps),Afternoon,Turf,Jumps,UK
2025-02-08,Warwick (Afternoon) (Turf) (Jumps),Afternoon,Turf,Jumps,UK
2025-02-08,Wolverhampton () () (),,,,UK
2025-02-09,Chepstow (Afternoon) (Turf) (Jumps),Afternoon,Turf,Jumps,UK
2025-02-09,Exeter (Afternoon) (Turf) (Jumps),Afternoon,Turf,Jumps,UK
2025-02-10,Catterick (Afternoon) (Turf) (Jumps),Afternoon,Turf,Jumps,UK
2025-02-10,Plumpton (Afternoon) (Turf) (Jumps),Afternoon,Turf,Jumps,UK
2025-02-10,Wolverhampton () () (),,,,UK
2025-02-11,Ayr (Afternoon) (Turf) (Jumps),Afternoon,Turf,Jumps,UK
2025-02-11,Lingfield (Afternoon) (Turf) (Jumps),Afternoon,Turf,Jumps,UK
2025-02-11,Wolverhampton () () (),,,,UK
2025-02-12,Hereford (Afternoon) (Turf) (Jumps),Afternoon,Turf,Jumps,UK
2025-02-12,Kempton () () (),,,,UK
2025-02-12,Southwell (Afternoon) () (Flat),Afternoon,,Flat,UK
2025-02-12,Wetherby (Afternoon) (Turf) (Jumps),Afternoon,Turf,Jumps,UK
2025-02-13,Chelmsford City () () (),,,,UK
2025-02-13,Leicester (Afternoon) (Turf) (Jumps),Afternoon,Turf,Jumps,UK
2025-02-13,Newcastle (Afternoon) (Turf) (Jumps),Afternoon,Turf,Jumps,UK
2025-02-13,Sandown (Afternoon) (Turf) (Jumps),Afternoon,Turf,Jumps,UK
2025-02-14,Fakenham (Afternoon) (Turf) (Jumps),Afternoon,Turf,Jumps,UK
2025-02-14,Kelso (Afternoon) (Turf) (Jumps),Afternoon,Turf,Jumps,UK
2025-02-14,Newcastle () () (),,,,UK
2025-02-14,Southwell (Afternoon) () (Flat),Afternoon,,Flat,UK
2025-02-15,Ascot (Afternoon) (Turf) (Jumps),Afternoon,Turf,Jumps,UK
2025-02-15,Haydock (Afternoon) (Turf) (Jumps),Afternoon,Turf,Jumps,UK
2025-02-15,Newcastle () () (),,,,UK
2025-02-15,Southwell (Afternoon) () (Flat),Afternoon,,Flat,UK
2025-02-15,Wincanton (Afternoon) (Turf) (Jumps),Afternoon,Turf,Jumps,UK
2025-02-16,Lingfield (Afternoon) () (Flat),Afternoon,,Flat,UK
2025-02-16,Musselburgh (Afternoon) (Turf) (Jumps),Afternoon,Turf,Jumps,UK
2025-02-17,Carlisle (Afternoon) (Turf) (Jumps),Afternoon,Turf,Jumps,UK
2025-02-17,Southwell (Afternoon) (Turf) (Jumps),Afternoon,Turf,Jumps,UK
2025-02-17,Wolverhampton () () (),,,,UK
2025-02-18,Market Rasen (Afternoon) (Turf) (Jumps),Afternoon,Turf,Jumps,UK
2025-02-18,Taunton (Afternoon) (Turf) (Jumps),Afternoon,Turf,Jumps,UK
2025-02-18,Wolverhampton () () (),,,,UK
2025-02-19,Kempton () () (),,,,UK
2025-02-19,Ludlow (Afternoon) (Turf) (Jumps),Afternoon,Turf,Jumps,UK
2025-02-19,Sedgefield (Afternoon) (Turf) (Jumps),Afternoon,Turf,Jumps,UK
2025-02-20,Huntingdon (Afternoon) (Turf) (Jumps),Afternoon,Turf,Jumps,UK
2025-02-20,Lingfield (Afternoon) (Turf) (Jumps),Afternoon,Turf,Jumps,UK
2025-02-20,Newcastle () () (),,,,UK
2025-02-21,Exeter (Afternoon) (Turf) (Jumps),Afternoon,Turf,Jumps,UK
2025-02-21,Southwell () () (),,,,UK
2025-02-21,Warwick (Afternoon) (Turf) (Jumps),Afternoon,Turf,Jumps,UK
2025-02-22,Chelmsford City () () (),,,,UK
2025-02-22,Chepstow (Afternoon) (Turf) (Jumps),Afternoon,Turf,Jumps,UK
2025-02-22,Kempton (Afternoon) (Turf) (Jumps),Afternoon,Turf,Jumps,UK
2025-02-22,Newcastle (Afternoon) (Turf) (Jumps),Afternoon,Turf,Jumps,UK
2025-02-22,Southwell (Afternoon) () (Flat),Afternoon,,Flat,UK
2025-02-23,Fontwell (Afternoon) (Turf) (Jumps),Afternoon,Turf,Jumps,UK
2025-02-23,Hereford (Afternoon) (Turf) (Jumps),Afternoon,Turf,Jumps,UK
2025-02-24,Ayr (Afternoon) (Turf) (Jumps),Afternoon,Turf,Jumps,UK
2025-02-24,Plumpton (Afternoon) (Turf) (Jumps),Afternoon,Turf,Jumps,UK
2025-02-24,Wolverhampton () () (),,,,UK
2025-02-25,Catterick (Afternoon) (Turf) (Jumps),Afternoon,Turf,Jumps,UK
2025-02-25,Leicester (Afternoon) (Turf) (Jumps),Afternoon,Turf,Jumps,UK
2025-02-25,Wolverhampton () () (),,,,UK
2025-02-26,Bangor-on-Dee (Afternoon) (Turf) (Jumps),Afternoon,Turf,Jumps,UK
2025-02-26,Kempton () () (),,,,UK
2025-02-26,Wetherby (Afternoon) (Turf) (Jumps),Afternoon,Turf,Jumps,UK
2025-02-26,Wincanton (Afternoon) (Turf) (Jumps),Afternoon,Turf,Jumps,UK
2025-02-27,Chelmsford City () () (),,,,UK
2025-02-27,Ludlow (Afternoon) (Turf) (Jumps),Afternoon,Turf,Jumps,UK
2025-02-27,Newcastle (Afternoon) () (Flat),Afternoon,,Flat,UK
2025-02-27,Taunton (Afternoon) (Turf) (Jumps),Afternoon,Turf,Jumps,UK
2025-02-28,Ffos Las (Afternoon) (Turf) (Jumps),Afternoon,Turf,Jumps,UK
2025-02-28,Lingfield (Afternoon) () (Flat),Afternoon,,Flat,UK
2025-02-28,Newbury (Afternoon) (Turf) (Jumps),Afternoon,Turf,Jumps,UK
2025-02-28,Southwell () () (),,,,UK
2025-03-01,Doncaster (Afternoon) (Turf) (Jumps),Afternoon,Turf,Jumps,UK
2025-03-01,Kelso (Afternoon) (Turf) (Jumps),Afternoon,Turf,Jumps,UK
2025-03-01,Newbury (Afternoon) (Turf) (Jumps),Afternoon,Turf,Jumps,UK
2025-03-01,Newcastle (Afternoon) () (Flat),Afternoon,,Flat,UK
2025-03-01,Southwell () () (),,,,UK
2025-03-02,Doncaster (Afternoon) (Turf) (Jumps),Afternoon,Turf,Jumps,UK
2025-03-02,Huntingdon (Afternoon) (Turf) (Jumps),Afternoon,Turf,Jumps,UK
2025-03-03,Newcastle (Afternoon) (Turf) (Jumps),Afternoon,Turf,Jumps,UK
2025-03-03,Southwell (Afternoon) (Turf) (Jumps),Afternoon,Turf,Jumps,UK
2025-03-03,Wolverhampton () () (),,,,UK
2025-03-04,Market Rasen (Afternoon) (Turf) (Jumps),Afternoon,Turf,Jumps,UK
2025-03-04,Newcastle (Afternoon) () (Flat),Afternoon,,Flat,UK
2025-03-04,Southwell () () (),,,,UK
2025-03-05,Catterick (Afternoon) (Turf) (Jumps),Afternoon,Turf,Jumps,UK
2025-03-05,Kempton () () (),,,,UK
2025-03-05,Lingfield (Afternoon) () (Flat),Afternoon,,Flat,UK
2025-03-06,Fontwell (Afternoon) (Turf) (Jumps),Afternoon,Turf,Jumps,UK
2025-03-06,Newcastle () () (),,,,UK
2025-03-06,Wincanton (Afternoon) (Turf) (Jumps),Afternoon,Turf,Jumps,UK
2025-03-07,Ayr (Afternoon) (Turf) (Jumps),Afternoon,Turf,Jumps,UK
2025-03-07,Exeter (Afternoon) (Turf) (Jumps),Afternoon,Turf,Jumps,UK
2025-03-07,Leicester (Afternoon) (Turf) (Jumps),Afternoon,Turf,Jumps,UK
2025-03-07,Newcastle () () (),,,,UK
2025-03-08,Ayr (Afternoon) (Turf) (Jumps),Afternoon,Turf,Jumps,UK
2025-03-08,Chelmsford City () () (),,,,UK
2025-03-08,Hereford (Afternoon) (Turf) (Jumps),Afternoon,Turf,Jumps,UK
2025-03-08,Sandown (Afternoon) (Turf) (Jumps),Afternoon,Turf,Jumps,UK
2025-03-08,Wolverhampton (Afternoon) () (Flat),Afternoon,,Flat,UK
2025-03-09,Carlisle (Afternoon) (Turf) (Jumps),Afternoon,Turf,Jumps,UK
2025-03-09,Warwick (Afternoon) (Turf) (Jumps),Afternoon,Turf,Jumps,UK
2025-03-10,Newcastle () () (),,,,UK
2025-03-10,Plumpton (Afternoon) (Turf) (Jumps),Afternoon,Turf,Jumps,UK
2025-03-10,Stratford (Afternoon) (Turf) (Jumps),Afternoon,Turf,Jumps,UK
2025-03-10,Taunton (Afternoon) (Turf) (Jumps),Afternoon,Turf,Jumps,UK
2025-03-11,Cheltenham (Afternoon) (Turf) (Jumps),Afternoon,Turf,Jumps,UK
2025-03-11,Sedgefield (Afternoon) (Turf) (Jumps),Afternoon,Turf,Jumps,UK
2025-03-11,Southwell () () (),,,,UK
2025-03-11,Wolverhampton () () (),,,,UK
2025-03-12,Cheltenham (Afternoon) (Turf) (Jumps),Afternoon,Turf,Jumps,UK
2025-03-12,Huntingdon (Afternoon) (Turf) (Jumps),Afternoon,Turf,Jumps,UK
2025-03-12,Newcastle () () (),,,,UK
2025-03-12,Wolverhampton () () (),,,,UK
2025-03-13,Chelmsford City () () (),,,,UK
2025-03-13,Cheltenham (Afternoon) (Turf) (Jumps),Afternoon,Turf,Jumps,UK
2025-03-13,Hexham (Afternoon) (Turf) (Jumps),Afternoon,Turf,Jumps,UK
2025-03-13,Newcastle () () (),,,,UK
2025-03-14,Cheltenham (Afternoon) (Turf) (Jumps),Afternoon,Turf,Jumps,UK
2025-03-14,Doncaster (Afternoon) (Turf) (Jumps),Afternoon,Turf,Jumps,UK
2025-03-14,Fakenham (Afternoon) (Turf) (Jumps),Afternoon,Turf,Jumps,UK
2025-03-14,Southwell () () (),,,,UK
2025-03-14,Wolverhampton () () (),,,,UK
2025-03-15,Kempton (Afternoon) (Turf) (Jumps),Afternoon,Turf,Jumps,UK
2025-03-15,Newcastle (Afternoon) (Turf) (Jumps),Afternoon,Turf,Jumps,UK
2025-03-15,Southwell (Afternoon) () (Flat),Afternoon,,Flat,UK
2025-03-15,Uttoxeter (Afternoon) (Turf) (Jumps),Afternoon,Turf,Jumps,UK
2025-03-15,Wolverhampton () () (),,,,UK
2025-03-16,Chepstow (Afternoon) (Turf) (Jumps),Afternoon,Turf,Jumps,UK
2025-03-16,Market Rasen (Afternoon) (Turf) (Jumps),Afternoon,Turf,Jumps,UK
2025-03-17,Fontwell (Afternoon) (Turf) (Jumps),Afternoon,Turf,Jumps,UK
2025-03-17,Southwell (Afternoon) (Turf) (Jumps),Afternoon,Turf,Jumps,UK
2025-03-17,Wolverhampton () () (),,,,UK
2025-03-18,Exeter (Afternoon) (Turf) (Jumps),Afternoon,Turf,Jumps,UK
2025-03-18,Wetherby (Afternoon) (Turf) (Jumps),Afternoon,Turf,Jumps,UK
2025-03-18,Wolverhampton () () (),,,,UK
2025-03-19,Haydock (Afternoon) (Turf) (Jumps),Afternoon,Turf,Jumps,UK
2025-03-19,Huntingdon (Afternoon) (Turf) (Jumps),Afternoon,Turf,Jumps,UK
2025-03-19,Southwell () () (),,,,UK
2025-03-20,Chepstow (Afternoon) (Turf) (Jumps),Afternoon,Turf,Jumps,UK
2025-03-20,Ludlow (Afternoon) (Turf) (Jumps),Afternoon,Turf,Jumps,UK
2025-03-20,Newcastle () () (),,,,UK
2025-03-20,Sedgefield (Afternoon) (Turf) (Jumps),Afternoon,Turf,Jumps,UK
2025-03-21,Ffos Las (Afternoon) (Turf) (Jumps),Afternoon,Turf,Jumps,UK
2025-03-21,Musselburgh (Afternoon) (Turf) (Jumps),Afternoon,Turf,Jumps,UK
2025-03-21,Newbury (Afternoon) (Turf) (Jumps),Afternoon,Turf,Jumps,UK
2025-03-21,Southwell () () (),,,,UK
2025-03-22,Bangor-on-Dee (Afternoon) (Turf) (Jumps),Afternoon,Turf,Jumps,UK
2025-03-22,Kelso (Afternoon) (Turf) (Jumps),Afternoon,Turf,Jumps,UK
2025-03-22,Newbury (Afternoon) (Turf) (Jumps),Afternoon,Turf,Jumps,UK
2025-03-22,Newcastle () () (),,,,UK
2025-03-22,Wolverhampton (Afternoon) () (Flat),Afternoon,,Flat,UK
2025-03-23,Carlisle (Afternoon) (Turf) (Jumps),Afternoon,Turf,Jumps,UK
2025-03-23,Exeter (Afternoon) (Turf) (Jumps),Afternoon,Turf,Jumps,UK
2025-03-24,Lingfield (Afternoon) () (Flat),Afternoon,,Flat,UK
2025-03-24,Wincanton (Afternoon) (Turf) (Jumps),Afternoon,Turf,Jumps,UK
2025-03-24,Wolverhampton () () (),,,,UK
2025-03-25,Hexham (Afternoon) (Turf) (Jumps),Afternoon,Turf,Jumps,UK
2025-03-25,Newcastle () () (),,,,UK
2025-03-25,Taunton (Afternoon) (Turf) (Jumps),Afternoon,Turf,Jumps,UK
2025-03-26,Hereford (Afternoon) (Turf) (Jumps),Afternoon,Turf,Jumps,UK
2025-03-26,Kempton () () (),,,,UK
2025-03-26,Market Rasen (Afternoon) (Turf) (Jumps),Afternoon,Turf,Jumps,UK
2025-03-27,Chelmsford City () () (),,,,UK
2025-03-27,Southwell (Afternoon) (Turf) (Jumps),Afternoon,Turf,Jumps,UK
2025-03-27,Warwick (Afternoon) (Turf) (Jumps),Afternoon,Turf,Jumps,UK
2025-03-27,Wolverhampton (Afternoon) () (Flat),Afternoon,,Flat,UK
2025-03-28,Fontwell (Afternoon) (Turf) (Jumps),Afternoon,Turf,Jumps,UK
2025-03-28,Lingfield (Afternoon) () (Flat),Afternoon,,Flat,UK
2025-03-28,Southwell () () (),,,,UK
2025-03-28,Wetherby (Afternoon) (Turf) (Jumps),Afternoon,Turf,Jumps,UK
2025-03-29,Doncaster (Afternoon) (Turf) (Flat),Afternoon,Turf,Flat,UK
2025-03-29,Kempton (Afternoon) () (Flat),Afternoon,,Flat,UK
2025-03-29,Newcastle () () (),,,,UK
2025-03-29,Stratford (Afternoon) (Turf) (Jumps),Afternoon,Turf,Jumps,UK
2025-03-29,Uttoxeter (Afternoon) (Turf) (Jumps),Afternoon,Turf,Jumps,UK
2025-03-30,Ascot (Afternoon) (Turf) (Jumps),Afternoon,Turf,Jumps,UK
2025-03-30,Doncaster (Afternoon) (Turf) (Flat),Afternoon,Turf,Flat,UK
2025-03-31,Newcastle (Afternoon) (Turf) (Jumps),Afternoon,Turf,Jumps,UK
2025-03-31,Wincanton (Afternoon) (Turf) (Jumps),Afternoon,Turf,Jumps,UK
2025-03-31,Wolverhampton () () (),,,,UK
2025-04-01,Fakenham (Afternoon) (Turf) (Jumps),Afternoon,Turf,Jumps,UK
2025-04-01,Kempton (Afternoon) (Turf) (Jumps),Afternoon,Turf,Jumps,UK
2025-04-01,Lingfield (Afternoon) () (Flat),Afternoon,,Flat,UK
2025-04-01,Wolverhampton () () (),,,,UK
2025-04-02,Exeter (Afternoon) (Turf) (Jumps),Afternoon,Turf,Jumps,UK
2025-04-02,Ludlow (Afternoon) (Turf) (Jumps),Afternoon,Turf,Jumps,UK
2025-04-02,Musselburgh (Afternoon) (Turf) (Flat),Afternoon,Turf,Flat,UK
2025-04-02,Southwell () () (),,,,UK
2025-04-03,Aintree (Afternoon) (Turf) (Jumps),Afternoon,Turf,Jumps,UK
2025-04-03,Chelmsford City () () (),,,,UK
2025-04-03,Plumpton (Afternoon) (Turf) (Jumps),Afternoon,Turf,Jumps,UK
2025-04-03,Sedgefield (Afternoon) (Turf) (Jumps),Afternoon,Turf,Jumps,UK
2025-04-04,Aintree (Afternoon) (Turf) (Jumps),Afternoon,Turf,Jumps,UK
2025-04-04,Bath (Afternoon) (Turf) (Flat),Afternoon,Turf,Flat,UK
2025-04-04,Leicester (Afternoon) (Turf) (Flat),Afternoon,Turf,Flat,UK
2025-04-04,Southwell () () (),,,,UK
2025-04-05,Aintree (Afternoon) (Turf) (Jumps),Afternoon,Turf,Jumps,UK
2025-04-05,Chepstow (Afternoon) (Turf) (Jumps),Afternoon,Turf,Jumps,UK
2025-04-05,Newcastle (Afternoon) (Turf) (Jumps),Afternoon,Turf,Jumps,UK
2025-04-05,Wolverhampton () () (),,,,UK
2025-04-05,Yarmouth (Afternoon) (Turf) (Flat),Afternoon,Turf,Flat,UK
2025-04-06,Ffos Las (Afternoon) (Turf) (Jumps),Afternoon,Turf,Jumps,UK
2025-04-06,Plumpton (Afternoon) (Turf) (Jumps),Afternoon,Turf,Jumps,UK
2025-04-06,Southwell (Afternoon) () (Flat),Afternoon,,Flat,UK
2025-04-07,Kelso (Afternoon) (Turf) (Jumps),Afternoon,Turf,Jumps,UK
2025-04-07,Kempton () () (),,,,UK
2025-04-07,Redcar (Afternoon) (Turf) (Flat),Afternoon,Turf,Flat,UK
2025-04-07,Wolverhampton (Afternoon) () (Flat),Afternoon,,Flat,UK
2025-04-08,Carlisle (Afternoon) (Turf) (Jumps),Afternoon,Turf,Jumps,UK
2025-04-08,Pontefract (Afternoon) (Turf) (Flat),Afternoon,Turf,Flat,UK
2025-04-08,Southwell () () (),,,,UK
2025-04-09,Catterick (Afternoon) (Turf) (Flat),Afternoon,Turf,Flat,UK
2025-04-09,Kempton () () (),,,,UK
2025-04-09,Nottingham (Afternoon) (Turf) (Flat),Afternoon,Turf,Flat,UK
2025-04-09,Taunton (Afternoon) (Turf) (Jumps),Afternoon,Turf,Jumps,UK
2025-04-10,Hereford (Afternoon) (Turf) (Jumps),Afternoon,Turf,Jumps,UK
2025-04-10,Lingfield (Afternoon) () (Flat),Afternoon,,Flat,UK
2025-04-10,Newcastle () () (),,,,UK
2025-04-10,Newton Abbot (Afternoon) (Turf) (Jumps),Afternoon,Turf,Jumps,UK
2025-04-11,Ayr (Afternoon) (Turf) (Jumps),Afternoon,Turf,Jumps,UK
2025-04-11,Exeter (Evening) (Turf) (Jumps),Evening,Turf,Jumps,UK
2025-04-11,Fontwell (Afternoon) (Turf) (Jumps),Afternoon,Turf,Jumps,UK
2025-04-11,Newbury (Afternoon) (Turf) (Flat),Afternoon,Turf,Flat,UK
2025-04-11,Sedgefield (Evening) (Turf) (Jumps),Evening,Turf,Jumps,UK
2025-04-12,Ayr (Afternoon) (Turf) (Jumps),Afternoon,Turf,Jumps,UK
2025-04-12,Bangor-on-Dee (Afternoon) (Turf) (Jumps),Afternoon,Turf,Jumps,UK
2025-04-12,Brighton (Evening) (Turf) (Flat),Evening,Turf,Flat,UK
2025-04-12,Newbury (Afternoon) (Turf) (Flat),Afternoon,Turf,Flat,UK
2025-04-12,Nottingham (Evening) (Turf) (Flat),Evening,Turf,Flat,UK
2025-04-12,Thirsk (Afternoon) (Turf) (Flat),Afternoon,Turf,Flat,UK
2025-04-13,Musselburgh (Afternoon) (Turf) (Flat),Afternoon,Turf,Flat,UK
2025-04-13,Stratford (Afternoon) (Turf) (Jumps),Afternoon,Turf,Jumps,UK
2025-04-13,Wincanton (Afternoon) (Turf) (Jumps),Afternoon,Turf,Jumps,UK
2025-04-14,Hexham (Afternoon) (Turf) (Jumps),Afternoon,Turf,Jumps,UK
2025-04-14,Pontefract (Afternoon) (Turf) (Flat),Afternoon,Turf,Flat,UK
2025-04-14,Warwick (Evening) (Turf) (Jumps),Evening,Turf,Jumps,UK
2025-04-15,Kempton (Evening) () (Flat),Evening,,Flat,UK
2025-04-15,Newmarket (Afternoon) (Turf) (Flat),Afternoon,Turf,Flat,UK
2025-04-15,Southwell (Afternoon) (Turf) (Jumps),Afternoon,Turf,Jumps,UK
2025-04-16,Beverley (Afternoon) (Turf) (Flat),Afternoon,Turf,Flat,UK
2025-04-16,Cheltenham (Afternoon) (Turf) (Jumps),Afternoon,Turf,Jumps,UK
2025-04-16,Newmarket (Afternoon) (Turf) (Flat),Afternoon,Turf,Flat,UK
2025-04-16,Wincanton (Evening) (Turf) (Jumps),Evening,Turf,Jumps,UK
2025-04-17,Cheltenham (Afternoon) (Turf) (Jumps),Afternoon,Turf,Jumps,UK
2025-04-17,Newmarket (Afternoon) (Turf) (Flat),Afternoon,Turf,Flat,UK
2025-04-17,Ripon (Afternoon) (Turf) (Flat),Afternoon,Turf,Flat,UK
2025-04-17,Taunton (Evening) (Turf) (Jumps),Evening,Turf,Jumps,UK
2025-04-18,Chelmsford City (Afternoon) () (Flat),Afternoon,,Flat,UK
2025-04-18,Lingfield (Afternoon) () (Flat),Afternoon,,Flat,UK
2025-04-18,Newcastle (Afternoon) () (Flat),Afternoon,,Flat,UK
2025-04-19,Carlisle (Afternoon) (Turf) (Jumps),Afternoon,Turf,Jumps,UK
2025-04-19,Haydock (Afternoon) (Turf) (Jumps),Afternoon,Turf,Jumps,UK
2025-04-19,Huntingdon (Afternoon) (Turf) (Jumps),Afternoon,Turf,Jumps,UK
2025-04-19,Musselburgh (Afternoon) (Turf) (Flat),Afternoon,Turf,Flat,UK
2025-04-19,Newton Abbot (Afternoon) (Turf) (Jumps),Afternoon,Turf,Jumps,UK
2025-04-19,Wolverhampton () () (),,,,UK
2025-04-20,Bath (Afternoon) (Turf) (Flat),Afternoon,Turf,Flat,UK
2025-04-20,Market Rasen (Afternoon) (Turf) (Jumps),Afternoon,Turf,Jumps,UK
2025-04-20,Plumpton (Afternoon) (Turf) (Jumps),Afternoon,Turf,Jumps,UK
2025-04-20,Southwell (Afternoon) () (Flat),Afternoon,,Flat,UK
2025-04-21,Chepstow (Afternoon) (Turf) (Jumps),Afternoon,Turf,Jumps,UK
2025-04-21,Fakenham (Afternoon) (Turf) (Jumps),Afternoon,Turf,Jumps,UK
2025-04-21,Kempton (Afternoon) () (Flat),Afternoon,,Flat,UK
2025-04-21,Plumpton (Afternoon) (Turf) (Jumps),Afternoon,Turf,Jumps,UK
2025-04-21,Redcar (Afternoon) (Turf) (Flat),Afternoon,Turf,Flat,UK
2025-04-21,Wolverhampton (Afternoon) () (Flat),Afternoon,,Flat,UK
2025-04-22,Epsom Downs (Afternoon) (Turf) (Flat),Afternoon,Turf,Flat,UK
2025-04-22,Hereford (Evening) (Turf) (Jumps),Evening,Turf,Jumps,UK
2025-04-22,Kelso (Afternoon) (Turf) (Jumps),Afternoon,Turf,Jumps,UK
2025-04-22,Thirsk (Evening) (Turf) (Flat),Evening,Turf,Flat,UK
2025-04-22,Yarmouth (Afternoon) (Turf) (Flat),Afternoon,Turf,Flat,UK
2025-04-23,Catterick (Afternoon) (Turf) (Flat),Afternoon,Turf,Flat,UK
2025-04-23,Lingfield (Evening) () (Flat),Evening,,Flat,UK
2025-04-23,Ludlow (Afternoon) (Turf) (Jumps),Afternoon,Turf,Jumps,UK
2025-04-23,Perth (Afternoon) (Turf) (Jumps),Afternoon,Turf,Jumps,UK
2025-04-23,Taunton (Evening) (Turf) (Jumps),Evening,Turf,Jumps,UK
2025-04-24,Bangor-on-Dee (Evening) (Turf) (Jumps),Evening,Turf,Jumps,UK
2025-04-24,Beverley (Afternoon) (Turf) (Flat),Afternoon,Turf,Flat,UK
2025-04-24,Chelmsford City (Evening) () (Flat),Evening,,Flat,UK
2025-04-24,Perth (Afternoon) (Turf) (Jumps),Afternoon,Turf,Jumps,UK
2025-04-24,Warwick (Afternoon) (Turf) (Jumps),Afternoon,Turf,Jumps,UK
2025-04-25,Chepstow (Evening) (Turf) (Jumps),Evening,Turf,Jumps,UK
2025-04-25,Doncaster (Afternoon) (Turf) (Flat),Afternoon,Turf,Flat,UK
2025-04-25,Fontwell (Evening) (Turf) (Jumps),Evening,Turf,Jumps,UK
2025-04-25,Perth (Afternoon) (Turf) (Jumps),Afternoon,Turf,Jumps,UK
2025-04-25,Sandown (Afternoon) (Turf) (Flat),Afternoon,Turf,Flat,UK
2025-04-26,Doncaster (Evening) (Turf) (Flat),Evening,Turf,Flat,UK
2025-04-26,Haydock (Afternoon) (Turf) (Flat),Afternoon,Turf,Flat,UK
2025-04-26,Leicester (Afternoon) (Turf) (Flat),Afternoon,Turf,Flat,UK
2025-04-26,Ripon (Afternoon) (Turf) (Flat),Afternoon,Turf,Flat,UK
2025-04-26,Sandown (Afternoon) (Turf) (Jumps),Afternoon,Turf,Jumps,UK
2025-04-26,Wolverhampton (Evening) () (Flat),Evening,,Flat,UK
2025-04-27,Southwell (Afternoon) () (Flat),Afternoon,,Flat,UK
2025-04-27,Wetherby (Afternoon) (Turf) (Flat),Afternoon,Turf,Flat,UK
2025-04-28,Ayr (Afternoon) (Turf) (Flat),Afternoon,Turf,Flat,UK
2025-04-28,Lingfield (Afternoon) () (Flat),Afternoon,,Flat,UK
2025-04-28,Windsor (Evening) (Turf) (Flat),Evening,Turf,Flat,UK
2025-04-28,Wolverhampton (Evening) () (Flat),Evening,,Flat,UK
2025-04-29,Brighton (Afternoon) (Turf) (Flat),Afternoon,Turf,Flat,UK
2025-04-29,Nottingham (Afternoon) (Turf) (Flat),Afternoon,Turf,Flat,UK
2025-04-29,Wolverhampton (Evening) () (Flat),Evening,,Flat,UK
2025-04-30,Ascot (Afternoon) (Turf) (Flat),Afternoon,Turf,Flat,UK
2025-04-30,Brighton (Evening) (Turf) (Flat),Evening,Turf,Flat,UK
2025-04-30,Pontefract (Afternoon) (Turf) (Flat),Afternoon,Turf,Flat,UK
2025-04-30,Southwell (Evening) () (Flat),Evening,,Flat,UK
2025-05-01,Ayr (Evening) (Turf) (Flat),Evening,Turf,Flat,UK
2025-05-01,Chelmsford City (Evening) () (Flat),Evening,,Flat,UK
2025-05-01,Redcar (Afternoon) (Turf) (Flat),Afternoon,Turf,Flat,UK
2025-05-01,Southwell (Afternoon) () (Flat),Afternoon,,Flat,UK
2025-05-01,Yarmouth (Afternoon) (Turf) (Flat),Afternoon,Turf,Flat,UK
2025-05-02,Cheltenham (Evening) (Turf) (Jumps),Evening,Turf,Jumps,UK
2025-05-02,Goodwood (Afternoon) (Turf) (Flat),Afternoon,Turf,Flat,UK
2025-05-02,Musselburgh (Afternoon) (Turf) (Flat),Afternoon,Turf,Flat,UK
2025-05-02,Newcastle (Evening) () (Flat),Evening,,Flat,UK
2025-05-02,Newmarket (Afternoon) (Turf) (Flat),Afternoon,Turf,Flat,UK
2025-05-03,Doncaster (Evening) (Turf) (Flat),Evening,Turf,Flat,UK
2025-05-03,Goodwood (Afternoon) (Turf) (Flat),Afternoon,Turf,Flat,UK
2025-05-03,Hexham (Evening) (Turf) (Jumps),Evening,Turf,Jumps,UK
2025-05-03,Newmarket (Afternoon) (Turf) (Flat),Afternoon,Turf,Flat,UK
2025-05-03,Thirsk (Afternoon) (Turf) (Flat),Afternoon,Turf,Flat,UK
2025-05-03,Uttoxeter (Afternoon) (Turf) (Jumps),Afternoon,Turf,Jumps,UK
2025-05-04,Hamilton (Afternoon) (Turf) (Flat),Afternoon,Turf,Flat,UK
2025-05-04,Newmarket (Afternoon) (Turf) (Flat),Afternoon,Turf,Flat,UK
2025-05-04,Salisbury (Afternoon) (Turf) (Flat),Afternoon,Turf,Flat,UK
2025-05-05,Bath (Afternoon) (Turf) (Flat),Afternoon,Turf,Flat,UK
2025-05-05,Beverley (Afternoon) (Turf) (Flat),Afternoon,Turf,Flat,UK
2025-05-05,Kempton (Afternoon) () (Flat),Afternoon,,Flat,UK
2025-05-05,Warwick (Afternoon) (Turf) (Jumps),Afternoon,Turf,Jumps,UK
2025-05-05,Windsor (Afternoon) (Turf) (Flat),Afternoon,Turf,Flat,UK
2025-05-06,Fakenham (Afternoon) (Turf) (Jumps),Afternoon,Turf,Jumps,UK
2025-05-06,Ffos Las (Afternoon) (Turf) (Jumps),Afternoon,Turf,Jumps,UK
2025-05-06,Wolverhampton (Evening) () (Flat),Evening,,Flat,UK
2025-05-06,Worcester (Evening) (Turf) (Jumps),Evening,Turf,Jumps,UK
2025-05-07,Chester (Afternoon) (Turf) (Flat),Afternoon,Turf,Flat,UK
2025-05-07,Fontwell (Evening) (Turf) (Jumps),Evening,Turf,Jumps,UK
2025-05-07,Kelso (Afternoon) (Turf) (Jumps),Afternoon,Turf,Jumps,UK
2025-05-07,Kempton (Evening) () (Flat),Evening,,Flat,UK
2025-05-07,Newton Abbot (Afternoon) (Turf) (Jumps),Afternoon,Turf,Jumps,UK
2025-05-08,Brighton (Afternoon) (Turf) (Flat),Afternoon,Turf,Flat,UK
2025-05-08,Chelmsford City (Evening) () (Flat),Evening,,Flat,UK
2025-05-08,Chester (Afternoon) (Turf) (Flat),Afternoon,Turf,Flat,UK
2025-05-08,Huntingdon (Afternoon) (Turf) (Jumps),Afternoon,Turf,Jumps,UK
2025-05-08,Stratford (Evening) (Turf) (Jumps),Evening,Turf,Jumps,UK
2025-05-09,Ascot (Afternoon) (Turf) (Flat),Afternoon,Turf,Flat,UK
2025-05-09,Chester (Afternoon) (Turf) (Flat),Afternoon,Turf,Flat,UK
2025-05-09,Hereford (Evening) (Turf) (Jumps),Evening,Turf,Jumps,UK
2025-05-09,Market Rasen (Afternoon) (Turf) (Jumps),Afternoon,Turf,Jumps,UK
2025-05-09,Nottingham (Evening) (Turf) (Flat),Evening,Turf,Flat,UK
2025-05-09,Ripon (Evening) (Turf) (Flat),Evening,Turf,Flat,UK
2025-05-10,Ascot (Afternoon) (Turf) (Flat),Afternoon,Turf,Flat,UK
2025-05-10,Haydock (Afternoon) (Turf) (),Afternoon,Turf,,UK
2025-05-10,Hexham (Afternoon) (Turf) (Jumps),Afternoon,Turf,Jumps,UK
2025-05-10,Leicester (Evening) (Turf) (Flat),Evening,Turf,Flat,UK
2025-05-10,Lingfield (Afternoon) (Turf) (Flat),Afternoon,Turf,Flat,UK
2025-05-10,Nottingham (Afternoon) (Turf) (Flat),Afternoon,Turf,Flat,UK
2025-05-10,Warwick (Evening) (Turf) (Jumps),Evening,Turf,Jumps,UK
2025-05-11,Ludlow (Afternoon) (Turf) (Jumps),Afternoon,Turf,Jumps,UK
2025-05-11,Newcastle (Afternoon) () (Flat),Afternoon,,Flat,UK
2025-05-11,Plumpton (Afternoon) (Turf) (Jumps),Afternoon,Turf,Jumps,UK
2025-05-12,Catterick (Afternoon) (Turf) (Flat),Afternoon,Turf,Flat,UK
2025-05-12,Southwell (Afternoon) (Turf) (Jumps),Afternoon,Turf,Jumps,UK
2025-05-12,Windsor (Evening) (Turf) (Flat),Evening,Turf,Flat,UK
2025-05-12,Wolverhampton (Evening) () (Flat),Evening,,Flat,UK
2025-05-13,Beverley (Afternoon) (Turf) (Flat),Afternoon,Turf,Flat,UK
2025-05-13,Chepstow (Afternoon) (Turf) (Flat),Afternoon,Turf,Flat,UK
2025-05-13,Sedgefield (Evening) (Turf) (Jumps),Evening,Turf,Jumps,UK
2025-05-13,Worcester (Afternoon) (Turf) (Jumps),Afternoon,Turf,Jumps,UK
2025-05-14,Bath (Evening) (Turf) (Flat),Evening,Turf,Flat,UK
2025-05-14,Newton Abbot (Afternoon) (Turf) (Jumps),Afternoon,Turf,Jumps,UK
2025-05-14,Perth (Evening) (Turf) (Jumps),Evening,Turf,Jumps,UK
2025-05-14,Yarmouth (Afternoon) (Turf) (Flat),Afternoon,Turf,Flat,UK
2025-05-14,York (Afternoon) (Turf) (Flat),Afternoon,Turf,Flat,UK
2025-05-15,Fontwell (Evening) (Turf) (Jumps),Evening,Turf,Jumps,UK
2025-05-15,Kempton (Evening) () (Flat),Evening,,Flat,UK
2025-05-15,Perth (Afternoon) (Turf) (Jumps),Afternoon,Turf,Jumps,UK
2025-05-15,Salisbury (Afternoon) (Turf) (Flat),Afternoon,Turf,Flat,UK
2025-05-15,York (Afternoon) (Turf) (Flat),Afternoon,Turf,Flat,UK
2025-05-16,Aintree (Evening) (Turf) (Jumps),Evening,Turf,Jumps,UK
2025-05-16,Hamilton (Evening) (Turf) (Flat),Evening,Turf,Flat,UK
2025-05-16,Newbury (Afternoon) (Turf) (Flat),Afternoon,Turf,Flat,UK
2025-05-16,Newmarket (Afternoon) (Turf) (Flat),Afternoon,Turf,Flat,UK
2025-05-16,York (Afternoon) (Turf) (Flat),Afternoon,Turf,Flat,UK
2025-05-17,Bangor-on-Dee (Afternoon) (Turf) (Jumps),Afternoon,Turf,Jumps,UK
2025-05-17,Doncaster (Evening) (Turf) (Flat),Evening,Turf,Flat,UK
2025-05-17,Newbury (Afternoon) (Turf) (Flat),Afternoon,Turf,Flat,UK
2025-05-17,Newmarket (Afternoon) (Turf) (Flat),Afternoon,Turf,Flat,UK
2025-05-17,Thirsk (Afternoon) (Turf) (Flat),Afternoon,Turf,Flat,UK
2025-05-17,Uttoxeter (Evening) (Turf) (Jumps),Evening,Turf,Jumps,UK
2025-05-18,Newmarket (Afternoon) (Turf) (Flat),Afternoon,Turf,Flat,UK
2025-05-18,Ripon (Afternoon) (Turf) (Flat),Afternoon,Turf,Flat,UK
2025-05-18,Stratford (Afternoon) (Turf) (Jumps),Afternoon,Turf,Jumps,UK
2025-05-19,Carlisle (Afternoon) (Turf) (Flat),Afternoon,Turf,Flat,UK
2025-05-19,Redcar (Afternoon) (Turf) (Flat),Afternoon,Turf,Flat,UK
2025-05-19,Windsor (Evening) (Turf) (Flat),Evening,Turf,Flat,UK
2025-05-19,Wolverhampton (Evening) () (Flat),Evening,,Flat,UK
2025-05-20,Hexham (Evening) (Turf) (Jumps),Evening,Turf,Jumps,UK
2025-05-20,Huntingdon (Evening) (Turf) (Jumps),Evening,Turf,Jumps,UK
2025-05-20,Lingfield (Afternoon) (Turf) (Flat),Afternoon,Turf,Flat,UK
2025-05-20,Nottingham (Afternoon) (Turf) (Flat),Afternoon,Turf,Flat,UK
2025-05-20,Southwell (Afternoon) (Turf) (Jumps),Afternoon,Turf,Jumps,UK
2025-05-21,Ayr (Afternoon) (Turf) (Flat),Afternoon,Turf,Flat,UK
2025-05-21,Brighton (Evening) (Turf) (Flat),Evening,Turf,Flat,UK
2025-05-21,Chepstow (Afternoon) (Turf) (Flat),Afternoon,Turf,Flat,UK
2025-05-21,Kempton (Evening) () (Flat),Evening,,Flat,UK
2025-05-21,Warwick (Afternoon) (Turf) (Jumps),Afternoon,Turf,Jumps,UK
2025-05-22,Chelmsford City (Evening) () (Flat),Evening,,Flat,UK
2025-05-22,Ffos Las (Afternoon) (Turf) (Jumps),Afternoon,Turf,Jumps,UK
2025-05-22,Haydock (Afternoon) (Turf) (Flat),Afternoon,Turf,Flat,UK
2025-05-22,Wolverhampton (Evening) () (Flat),Evening,,Flat,UK
2025-05-22,Yarmouth (Afternoon) (Turf) (Flat),Afternoon,Turf,Flat,UK
2025-05-23,Bath (Afternoon) (Turf) (Flat),Afternoon,Turf,Flat,UK
2025-05-23,Goodwood (Afternoon) (Turf) (Flat),Afternoon,Turf,Flat,UK
2025-05-23,Haydock (Afternoon) (Turf) (Flat),Afternoon,Turf,Flat,UK
2025-05-23,Pontefract (Evening) (Turf) (Flat),Evening,Turf,Flat,UK
2025-05-23,Worcester (Evening) (Turf) (Jumps),Evening,Turf,Jumps,UK
2025-05-24,Beverley (Afternoon) (Turf) (Flat),Afternoon,Turf,Flat,UK
2025-05-24,Cartmel (Afternoon) (Turf) (Jumps),Afternoon,Turf,Jumps,UK
2025-05-24,Catterick (Afternoon) (Turf) (Flat),Afternoon,Turf,Flat,UK
2025-05-24,Goodwood (Afternoon) (Turf) (Flat),Afternoon,Turf,Flat,UK
2025-05-24,Haydock (Afternoon) (Turf) (Flat),Afternoon,Turf,Flat,UK
2025-05-24,Salisbury (Evening) (Turf) (Flat),Evening,Turf,Flat,UK
2025-05-24,Windsor (Evening) (Turf) (Flat),Evening,Turf,Flat,UK
2025-05-25,Fontwell (Afternoon) (Turf) (Jumps),Afternoon,Turf,Jumps,UK
2025-05-25,Kelso (Afternoon) (Turf) (Jumps),Afternoon,Turf,Jumps,UK
2025-05-25,Uttoxeter (Afternoon) (Turf) (Jumps),Afternoon,Turf,Jumps,UK
2025-05-26,Cartmel (Afternoon) (Turf) (Jumps),Afternoon,Turf,Jumps,UK
2025-05-26,Huntingdon (Afternoon) (Turf) (Jumps),Afternoon,Turf,Jumps,UK
2025-05-26,Leicester (Afternoon) (Turf) (Flat),Afternoon,Turf,Flat,UK
2025-05-26,Redcar (Afternoon) (Turf) (Flat),Afternoon,Turf,Flat,UK
2025-05-26,Windsor (Afternoon) (Turf) (Flat),Afternoon,Turf,Flat,UK
2025-05-27,Brighton (Afternoon) (Turf) (Flat),Afternoon,Turf,Flat,UK
2025-05-27,Leicester (Afternoon) (Turf) (Flat),Afternoon,Turf,Flat,UK
2025-05-27,Redcar (Afternoon) (Turf) (Flat),Afternoon,Turf,Flat,UK
2025-05-27,Wolverhampton (Evening) () (Flat),Evening,,Flat,UK
2025-05-28,Beverley (Afternoon) (Turf) (Flat),Afternoon,Turf,Flat,UK
2025-05-28,Cartmel (Evening) (Turf) (Jumps),Evening,Turf,Jumps,UK
2025-05-28,Hamilton (Afternoon) (Turf) (Flat),Afternoon,Turf,Flat,UK
2025-05-28,Kempton (Evening) () (Flat),Evening,,Flat,UK
2025-05-28,Newton Abbot (Afternoon) (Turf) (Jumps),Afternoon,Turf,Jumps,UK
2025-05-29,Carlisle (Evening) (Turf) (Flat),Evening,Turf,Flat,UK
2025-05-29,Lingfield (Afternoon) (Turf) (Flat),Afternoon,Turf,Flat,UK
2025-05-29,Ripon (Afternoon) (Turf) (Flat),Afternoon,Turf,Flat,UK
2025-05-29,Sandown (Evening) (Turf) (Flat),Evening,Turf,Flat,UK
2025-05-29,Yarmouth (Afternoon) (Turf) (Flat),Afternoon,Turf,Flat,UK
2025-05-30,Brighton (Afternoon) (Turf) (Flat),Afternoon,Turf,Flat,UK
2025-05-30,Carlisle (Afternoon) (Turf) (Flat),Afternoon,Turf,Flat,UK
2025-05-30,Catterick (Evening) (Turf) (Flat),Evening,Turf,Flat,UK
2025-05-30,Chepstow (Afternoon) (Turf) (Flat),Afternoon,Turf,Flat,UK
2025-05-30,Haydock (Evening) (Turf) (Flat),Evening,Turf,Flat,UK
2025-05-30,Stratford (Evening) (Turf) (Jumps),Evening,Turf,Jumps,UK
2025-05-31,Chester (Afternoon) (Turf) (Flat),Afternoon,Turf,Flat,UK
2025-05-31,Haydock (Afternoon) (Turf) (Flat),Afternoon,Turf,Flat,UK
2025-05-31,Lingfield (Evening) (Turf) (Flat),Evening,Turf,Flat,UK
2025-05-31,Southwell (Afternoon) () (Flat),Afternoon,,Flat,UK
2025-05-31,Stratford (Evening) (Turf) (Jumps),Evening,Turf,Jumps,UK
2025-05-31,York (Afternoon) (Turf) (Flat),Afternoon,Turf,Flat,UK
2025-06-01,Chelmsford City (Afternoon) () (Flat),Afternoon,,Flat,UK
2025-06-01,Fakenham (Afternoon) (Turf) (Jumps),Afternoon,Turf,Jumps,UK
2025-06-01,Nottingham (Afternoon) (Turf) (Flat),Afternoon,Turf,Flat,UK
2025-06-02,Brighton (Afternoon) (Turf) (Flat),Afternoon,Turf,Flat,UK
2025-06-02,Market Rasen (Afternoon) (Turf) (Jumps),Afternoon,Turf,Jumps,UK
2025-06-02,Wetherby (Evening) (Turf) (Flat),Evening,Turf,Flat,UK
2025-06-02,Windsor (Evening) (Turf) (Flat),Evening,Turf,Flat,UK
2025-06-03,Leicester (Afternoon) (Turf) (Flat),Afternoon,Turf,Flat,UK
2025-06-03,Lingfield (Evening) () (Flat),Evening,,Flat,UK
2025-06-03,Southwell (Afternoon) (Turf) (Jumps),Afternoon,Turf,Jumps,UK
2025-06-03,Wolverhampton (Evening) () (Flat),Evening,,Flat,UK
2025-06-04,Newton Abbot (Afternoon) (Turf) (Jumps),Afternoon,Turf,Jumps,UK
2025-06-04,Nottingham (Afternoon) (Turf) (Flat),Afternoon,Turf,Flat,UK
2025-06-04,Ripon (Evening) (Turf) (Flat),Evening,Turf,Flat,UK
2025-06-04,Warwick (Evening) (Turf) (Jumps),Evening,Turf,Jumps,UK
2025-06-05,Chelmsford City (Evening) () (Flat),Evening,,Flat,UK
2025-06-05,Ffos Las (Evening) (Turf) (Jumps),Evening,Turf,Jumps,UK
2025-06-05,Hamilton (Afternoon) (Turf) (Flat),Afternoon,Turf,Flat,UK
2025-06-05,Lingfield (Afternoon) () (Flat),Afternoon,,Flat,UK
2025-06-05,Uttoxeter (Afternoon) (Turf) (Jumps),Afternoon,Turf,Jumps,UK
2025-06-06,Bangor-on-Dee (Afternoon) (Turf) (Jumps),Afternoon,Turf,Jumps,UK
2025-06-06,Bath (Evening) (Turf) (Flat),Evening,Turf,Flat,UK
2025-06-06,Doncaster (Evening) (Turf) (Flat),Evening,Turf,Flat,UK
2025-06-06,Epsom Downs (Afternoon) (Turf) (Flat),Afternoon,Turf,Flat,UK
2025-06-06,Goodwood (Evening) (Turf) (Flat),Evening,Turf,Flat,UK
2025-06-06,Thirsk (Afternoon) (Turf) (Flat),Afternoon,Turf,Flat,UK
2025-06-07,Chepstow (Evening) (Turf) (Flat),Evening,Turf,Flat,UK
2025-06-07,Doncaster (Afternoon) (Turf) (Flat),Afternoon,Turf,Flat,UK
2025-06-07,Epsom Downs (Afternoon) (Turf) (Flat),Afternoon,Turf,Flat,UK
2025-06-07,Hexham (Afternoon) (Turf) (Jumps),Afternoon,Turf,Jumps,UK
2025-06-07,Lingfield (Evening) (Turf) (Flat),Evening,Turf,Flat,UK
2025-06-07,Musselburgh (Afternoon) (Turf) (Flat),Afternoon,Turf,Flat,UK
2025-06-07,Worcester (Afternoon) (Turf) (Jumps),Afternoon,Turf,Jumps,UK
2025-06-08,Goodwood (Afternoon) (Turf) (Flat),Afternoon,Turf,Flat,UK
2025-06-08,Perth (Afternoon) (Turf) (Jumps),Afternoon,Turf,Jumps,UK
2025-06-09,Brighton (Afternoon) (Turf) (Flat),Afternoon,Turf,Flat,UK
2025-06-09,Pontefract (Evening) (Turf) (Flat),Evening,Turf,Flat,UK
2025-06-09,Southwell (Afternoon) (Turf) (Jumps),Afternoon,Turf,Jumps,UK
2025-06-09,Windsor (Evening) (Turf) (Flat),Evening,Turf,Flat,UK
2025-06-10,Catterick (Evening) (Turf) (Flat),Evening,Turf,Flat,UK
2025-06-10,Fontwell (Evening) (Turf) (Jumps),Evening,Turf,Jumps,UK
2025-06-10,Salisbury (Afternoon) (Turf) (Flat),Afternoon,Turf,Flat,UK
2025-06-10,Wolverhampton (Afternoon) () (Flat),Afternoon,,Flat,UK
2025-06-11,Hamilton (Evening) (Turf) (Flat),Evening,Turf,Flat,UK
2025-06-11,Kempton (Evening) () (Flat),Evening,,Flat,UK
2025-06-11,Lingfield (Afternoon) (Turf) (Flat),Afternoon,Turf,Flat,UK
2025-06-11,Yarmouth (Afternoon) (Turf) (Flat),Afternoon,Turf,Flat,UK
2025-06-12,Chelmsford City (Evening) () (Flat),Evening,,Flat,UK
2025-06-12,Newbury (Afternoon) (Turf) (Flat),Afternoon,Turf,Flat,UK
2025-06-12,Nottingham (Afternoon) (Turf) (Flat),Afternoon,Turf,Flat,UK
2025-06-12,Worcester (Evening) (Turf) (Jumps),Evening,Turf,Jumps,UK
2025-06-12,Yarmouth (Afternoon) (Turf) (Flat),Afternoon,Turf,Flat,UK
2025-06-13,Chester (Afternoon) (Turf) (Flat),Afternoon,Turf,Flat,UK
2025-06-13,Goodwood (Evening) (Turf) (Flat),Evening,Turf,Flat,UK
2025-06-13,Market Rasen (Evening) (Turf) (Jumps),Evening,Turf,Jumps,UK
2025-06-13,Newton Abbot (Evening) (Turf) (Jumps),Evening,Turf,Jumps,UK
2025-06-13,Sandown (Afternoon) (Turf) (Flat),Afternoon,Turf,Flat,UK
2025-06-13,York (Afternoon) (Turf) (Flat),Afternoon,Turf,Flat,UK
2025-06-14,Bath (Afternoon) (Turf) (Flat),Afternoon,Turf,Flat,UK
2025-06-14,Chester (Afternoon) (Turf) (Flat),Afternoon,Turf,Flat,UK
2025-06-14,Hexham (Afternoon) (Turf) (Jumps),Afternoon,Turf,Jumps,UK
2025-06-14,Leicester (Evening) (Turf) (Flat),Evening,Turf,Flat,UK
2025-06-14,Sandown (Afternoon) (Turf) (Flat),Afternoon,Turf,Flat,UK
2025-06-14,Uttoxeter (Evening) (Turf) (Jumps),Evening,Turf,Jumps,UK
2025-06-14,York (Afternoon) (Turf) (Flat),Afternoon,Turf,Flat,UK
2025-06-15,Doncaster (Afternoon) (Turf) (Flat),Afternoon,Turf,Flat,UK
2025-06-15,Hamilton (Afternoon) (Turf) (Flat),Afternoon,Turf,Flat,UK
2025-06-15,Salisbury (Afternoon) (Turf) (Flat),Afternoon,Turf,Flat,UK
2025-06-16,Carlisle (Afternoon) (Turf) (Flat),Afternoon,Turf,Flat,UK
2025-06-16,Chepstow (Afternoon) (Turf) (Flat),Afternoon,Turf,Flat,UK
2025-06-16,Windsor (Evening) (Turf) (Flat),Evening,Turf,Flat,UK
2025-06-16,Wolverhampton (Evening) () (Flat),Evening,,Flat,UK
2025-06-17,Ascot (Afternoon) (Turf) (Flat),Afternoon,Turf,Flat,UK
2025-06-17,Beverley (Evening) (Turf) (Flat),Evening,Turf,Flat,UK
2025-06-17,Southwell (Evening) () (Flat),Evening,,Flat,UK
2025-06-17,Stratford (Afternoon) (Turf) (Jumps),Afternoon,Turf,Jumps,UK
2025-06-17,Thirsk (Afternoon) (Turf) (Flat),Afternoon,Turf,Flat,UK
2025-06-18,Ascot (Afternoon) (Turf) (Flat),Afternoon,Turf,Flat,UK
2025-06-18,Hamilton (Afternoon) (Turf) (Flat),Afternoon,Turf,Flat,UK
2025-06-18,Lingfield (Evening) () (Flat),Evening,,Flat,UK
2025-06-18,Ripon (Evening) (Turf) (Flat),Evening,Turf,Flat,UK
2025-06-18,Worcester (Afternoon) (Turf) (Jumps),Afternoon,Turf,Jumps,UK
2025-06-19,Ascot (Afternoon) (Turf) (Flat),Afternoon,Turf,Flat,UK
2025-06-19,Chelmsford City (Afternoon) () (Flat),Afternoon,,Flat,UK
2025-06-19,Lingfield (Evening) () (Flat),Evening,,Flat,UK
2025-06-19,Ripon (Afternoon) (Turf) (Flat),Afternoon,Turf,Flat,UK
2025-06-19,Wetherby (Evening) (Turf) (Flat),Evening,Turf,Flat,UK
2025-06-20,Ascot (Afternoon) (Turf) (Flat),Afternoon,Turf,Flat,UK
2025-06-20,Goodwood (Evening) (Turf) (Flat),Evening,Turf,Flat,UK
2025-06-20,Market Rasen (Afternoon) (Turf) (Jumps),Afternoon,Turf,Jumps,UK
2025-06-20,Newmarket (Evening) (Turf) (Flat),Evening,Turf,Flat,UK
2025-06-20,Redcar (Afternoon) (Turf) (Flat),Afternoon,Turf,Flat,UK
2025-06-21,Ascot (Afternoon) (Turf) (Flat),Afternoon,Turf,Flat,UK
2025-06-21,Ayr (Afternoon) (Turf) (Flat),Afternoon,Turf,Flat,UK
2025-06-21,Bangor-on-Dee (Afternoon) (Turf) (Jumps),Afternoon,Turf,Jumps,UK
2025-06-21,Haydock (Evening) (Turf) (Flat),Evening,Turf,Flat,UK
2025-06-21,Lingfield (Evening) (Turf) (Flat),Evening,Turf,Flat,UK
2025-06-21,Newmarket (Afternoon) (Turf) (Flat),Afternoon,Turf,Flat,UK
2025-06-21,Redcar (Afternoon) (Turf) (Flat),Afternoon,Turf,Flat,UK
2025-06-22,Ffos Las (Afternoon) (Turf) (Flat),Afternoon,Turf,Flat,UK
2025-06-22,Hexham (Afternoon) (Turf) (Jumps),Afternoon,Turf,Jumps,UK
2025-06-22,Pontefract (Afternoon) (Turf) (Flat),Afternoon,Turf,Flat,UK
2025-06-23,Chepstow (Afternoon) (Turf) (Flat),Afternoon,Turf,Flat,UK
2025-06-23,Windsor (Evening) (Turf) (Flat),Evening,Turf,Flat,UK
2025-06-23,Wolverhampton (Afternoon) () (Flat),Afternoon,,Flat,UK
2025-06-24,Beverley (Afternoon) (Turf) (Flat),Afternoon,Turf,Flat,UK
2025-06-24,Brighton (Afternoon) (Turf) (Flat),Afternoon,Turf,Flat,UK
2025-06-24,Newbury (Evening) (Turf) (Flat),Evening,Turf,Flat,UK
2025-06-24,Newton Abbot (Evening) (Turf) (Jumps),Evening,Turf,Jumps,UK
2025-06-25,Bath (Evening) (Turf) (Flat),Evening,Turf,Flat,UK
2025-06-25,Carlisle (Afternoon) (Turf) (Flat),Afternoon,Turf,Flat,UK
2025-06-25,Kempton (Evening) () (Flat),Evening,,Flat,UK
2025-06-25,Salisbury (Afternoon) (Turf) (Flat),Afternoon,Turf,Flat,UK
2025-06-25,Worcester (Afternoon) (Turf) (Jumps),Afternoon,Turf,Jumps,UK
2025-06-26,Hamilton (Evening) (Turf) (Flat),Evening,Turf,Flat,UK
2025-06-26,Leicester (Evening) (Turf) (Flat),Evening,Turf,Flat,UK
2025-06-26,Newcastle (Afternoon) () (Flat),Afternoon,,Flat,UK
2025-06-26,Newmarket (Afternoon) (Turf) (Flat),Afternoon,Turf,Flat,UK
2025-06-26,Nottingham (Afternoon) (Turf) (Flat),Afternoon,Turf,Flat,UK
2025-06-27,Cartmel (Afternoon) (Turf) (Jumps),Afternoon,Turf,Jumps,UK
2025-06-27,Doncaster (Afternoon) (Turf) (Flat),Afternoon,Turf,Flat,UK
2025-06-27,Newcastle (Evening) () (Flat),Evening,,Flat,UK
2025-06-27,Newmarket (Evening) (Turf) (Flat),Evening,Turf,Flat,UK
2025-06-27,Yarmouth (Afternoon) (Turf) (Flat),Afternoon,Turf,Flat,UK
2025-06-28,Chester (Afternoon) (Turf) (Flat),Afternoon,Turf,Flat,UK
2025-06-28,Doncaster (Evening) (Turf) (Flat),Evening,Turf,Flat,UK
2025-06-28,Lingfield (Evening) (Turf) (Flat),Evening,Turf,Flat,UK
2025-06-28,Newcastle (Afternoon) () (Flat),Afternoon,,Flat,UK
2025-06-28,Windsor (Afternoon) (Turf) (Flat),Afternoon,Turf,Flat,UK
2025-06-28,York (Afternoon) (Turf) (Flat),Afternoon,Turf,Flat,UK
2025-06-29,Cartmel (Afternoon) (Turf) (Jumps),Afternoon,Turf,Jumps,UK
2025-06-29,Ffos Las (Afternoon) (Turf) (Flat),Afternoon,Turf,Flat,UK
2025-06-29,Uttoxeter (Afternoon) (Turf) (Jumps),Afternoon,Turf,Jumps,UK
2025-06-30,Ffos Las (Afternoon) (Turf) (Flat),Afternoon,Turf,Flat,UK
2025-06-30,Pontefract (Afternoon) (Turf) (Flat),Afternoon,Turf,Flat,UK
2025-06-30,Windsor (Evening) (Turf) (Flat),Evening,Turf,Flat,UK
2025-06-30,Wolverhampton (Evening) () (Flat),Evening,,Flat,UK
2025-07-01,Brighton (Afternoon) (Turf) (Flat),Afternoon,Turf,Flat,UK
2025-07-01,Musselburgh (Afternoon) (Turf) (Flat),Afternoon,Turf,Flat,UK
2025-07-01,Stratford (Evening) (Turf) (Jumps),Evening,Turf,Jumps,UK
2025-07-02,Bath (Evening) (Turf) (Flat),Evening,Turf,Flat,UK
2025-07-02,Epsom Downs (Evening) (Turf) (Flat),Evening,Turf,Flat,UK
2025-07-02,Thirsk (Afternoon) (Turf) (Flat),Afternoon,Turf,Flat,UK
2025-07-02,Worcester (Afternoon) (Turf) (Jumps),Afternoon,Turf,Jumps,UK
2025-07-03,Haydock (Afternoon) (Turf) (Flat),Afternoon,Turf,Flat,UK
2025-07-03,Kempton (Evening) () (Flat),Evening,,Flat,UK
2025-07-03,Newbury (Evening) (Turf) (Flat),Evening,Turf,Flat,UK
2025-07-03,Perth (Afternoon) (Turf) (Jumps),Afternoon,Turf,Jumps,UK
2025-07-03,Yarmouth (Afternoon) (Turf) (Flat),Afternoon,Turf,Flat,UK
2025-07-04,Bangor-on-Dee (Evening) (Turf) (Jumps),Evening,Turf,Jumps,UK
2025-07-04,Beverley (Evening) (Turf) (Flat),Evening,Turf,Flat,UK
2025-07-04,Doncaster (Afternoon) (Turf) (Flat),Afternoon,Turf,Flat,UK
2025-07-04,Haydock (Evening) (Turf) (Flat),Evening,Turf,Flat,UK
2025-07-04,Newton Abbot (Afternoon) (Turf) (Jumps),Afternoon,Turf,Jumps,UK
2025-07-04,Sandown (Afternoon) (Turf) (Flat),Afternoon,Turf,Flat,UK
2025-07-05,Beverley (Afternoon) (Turf) (Flat),Afternoon,Turf,Flat,UK
2025-07-05,Carlisle (Evening) (Turf) (Flat),Evening,Turf,Flat,UK
2025-07-05,Haydock (Afternoon) (Turf) (Flat),Afternoon,Turf,Flat,UK
2025-07-05,Leicester (Afternoon) (Turf) (Flat),Afternoon,Turf,Flat,UK
2025-07-05,Nottingham (Evening) (Turf) (Flat),Evening,Turf,Flat,UK
2025-07-05,Sandown (Afternoon) (Turf) (Flat),Afternoon,Turf,Flat,UK
2025-07-06,Ayr (Afternoon) (Turf) (Flat),Afternoon,Turf,Flat,UK
2025-07-06,Chelmsford City (Afternoon) () (Flat),Afternoon,,Flat,UK
2025-07-06,Market Rasen (Afternoon) (Turf) (Jumps),Afternoon,Turf,Jumps,UK
2025-07-07,Ayr (Afternoon) (Turf) (Flat),Afternoon,Turf,Flat,UK
2025-07-07,Ripon (Evening) (Turf) (Flat),Evening,Turf,Flat,UK
2025-07-07,Worcester (Afternoon) (Turf) (Jumps),Afternoon,Turf,Jumps,UK
2025-07-08,Brighton (Evening) (Turf) (Flat),Evening,Turf,Flat,UK
2025-07-08,Lingfield (Afternoon) (Turf) (Flat),Afternoon,Turf,Flat,UK
2025-07-08,Pontefract (Afternoon) (Turf) (Flat),Afternoon,Turf,Flat,UK
2025-07-08,Uttoxeter (Evening) (Turf) (Jumps),Evening,Turf,Jumps,UK
2025-07-09,Catterick (Afternoon) (Turf) (Flat),Afternoon,Turf,Flat,UK
2025-07-09,Ffos Las (Evening) (Turf) (Flat),Evening,Turf,Flat,UK
2025-07-09,Kempton (Evening) () (Flat),Evening,,Flat,UK
2025-07-09,Yarmouth (Afternoon) (Turf) (Flat),Afternoon,Turf,Flat,UK
2025-07-10,Carlisle (Afternoon) (Turf) (Flat),Afternoon,Turf,Flat,UK
2025-07-10,Doncaster (Afternoon) (Turf) (Flat),Afternoon,Turf,Flat,UK
2025-07-10,Epsom Downs (Evening) (Turf) (Flat),Evening,Turf,Flat,UK
2025-07-10,Newbury (Evening) (Turf) (Flat),Evening,Turf,Flat,UK
2025-07-10,Newmarket (Afternoon) (Turf) (Flat),Afternoon,Turf,Flat,UK
2025-07-11,Ascot (Afternoon) (Turf) (Flat),Afternoon,Turf,Flat,UK
2025-07-11,Chepstow (Evening) (Turf) (Flat),Evening,Turf,Flat,UK
2025-07-11,Chester (Evening) (Turf) (Flat),Evening,Turf,Flat,UK
2025-07-11,Newmarket (Afternoon) (Turf) (Flat),Afternoon,Turf,Flat,UK
2025-07-11,York (Afternoon) (Turf) (Flat),Afternoon,Turf,Flat,UK
2025-07-12,Ascot (Afternoon) (Turf) (Flat),Afternoon,Turf,Flat,UK
2025-07-12,Chester (Afternoon) (Turf) (Flat),Afternoon,Turf,Flat,UK
2025-07-12,Hamilton (Evening) (Turf) (Flat),Evening,Turf,Flat,UK
2025-07-12,Newmarket (Afternoon) (Turf) (Flat),Afternoon,Turf,Flat,UK
2025-07-12,Salisbury (Evening) (Turf) (Flat),Evening,Turf,Flat,UK
2025-07-12,York (Afternoon) (Turf) (Flat),Afternoon,Turf,Flat,UK
2025-07-13,Perth (Afternoon) (Turf) (Jumps),Afternoon,Turf,Jumps,UK
2025-07-13,Southwell (Afternoon) () (Flat),Afternoon,,Flat,UK
2025-07-13,Stratford (Afternoon) (Turf) (Jumps),Afternoon,Turf,Jumps,UK
2025-07-14,Ayr (Afternoon) (Turf) (Flat),Afternoon,Turf,Flat,UK
2025-07-14,Newton Abbot (Afternoon) (Turf) (Jumps),Afternoon,Turf,Jumps,UK
2025-07-14,Windsor (Evening) (Turf) (Flat),Evening,Turf,Flat,UK
2025-07-15,Beverley (Afternoon) (Turf) (Flat),Afternoon,Turf,Flat,UK
2025-07-15,Nottingham (Afternoon) (Turf) (Flat),Afternoon,Turf,Flat,UK
2025-07-15,Thirsk (Evening) (Turf) (Flat),Evening,Turf,Flat,UK
2025-07-16,Bath (Afternoon) (Turf) (Flat),Afternoon,Turf,Flat,UK
2025-07-16,Catterick (Afternoon) (Turf) (Flat),Afternoon,Turf,Flat,UK
2025-07-16,Ffos Las (Evening) (Turf) (Flat),Evening,Turf,Flat,UK
2025-07-16,Uttoxeter (Afternoon) (Turf) (Jumps),Afternoon,Turf,Jumps,UK
2025-07-16,Yarmouth (Evening) (Turf) (Flat),Evening,Turf,Flat,UK
2025-07-17,Chepstow (Afternoon) (Turf) (Flat),Afternoon,Turf,Flat,UK
2025-07-17,Epsom Downs (Evening) (Turf) (Flat),Evening,Turf,Flat,UK
2025-07-17,Hamilton (Afternoon) (Turf) (Flat),Afternoon,Turf,Flat,UK
2025-07-17,Leicester (Afternoon) (Turf) (Flat),Afternoon,Turf,Flat,UK
2025-07-17,Worcester (Evening) (Turf) (Jumps),Evening,Turf,Jumps,UK
2025-07-18,Hamilton (Evening) (Turf) (Flat),Evening,Turf,Flat,UK
2025-07-18,Haydock (Afternoon) (Turf) (Flat),Afternoon,Turf,Flat,UK
2025-07-18,Newbury (Afternoon) (Turf) (Flat),Afternoon,Turf,Flat,UK
2025-07-18,Newmarket (Evening) (Turf) (Flat),Evening,Turf,Flat,UK
2025-07-18,Nottingham (Afternoon) (Turf) (Flat),Afternoon,Turf,Flat,UK
2025-07-18,Pontefract (Evening) (Turf) (Flat),Evening,Turf,Flat,UK
2025-07-19,Cartmel (Afternoon) (Turf) (Jumps),Afternoon,Turf,Jumps,UK
2025-07-19,Doncaster (Evening) (Turf) (Flat),Evening,Turf,Flat,UK
2025-07-19,Haydock (Evening) (Turf) (Flat),Evening,Turf,Flat,UK
2025-07-19,Market Rasen (Afternoon) (Turf) (Jumps),Afternoon,Turf,Jumps,UK
2025-07-19,Newbury (Afternoon) (Turf) (Flat),Afternoon,Turf,Flat,UK
2025-07-19,Newmarket (Afternoon) (Turf) (Flat),Afternoon,Turf,Flat,UK
2025-07-19,Ripon (Afternoon) (Turf) (Flat),Afternoon,Turf,Flat,UK
2025-07-20,Newton Abbot (Afternoon) (Turf) (Jumps),Afternoon,Turf,Jumps,UK
2025-07-20,Redcar (Afternoon) (Turf) (Flat),Afternoon,Turf,Flat,UK
2025-07-20,Stratford (Afternoon) (Turf) (Jumps),Afternoon,Turf,Jumps,UK
2025-07-21,Ayr (Afternoon) (Turf) (Flat),Afternoon,Turf,Flat,UK
2025-07-21,Beverley (Evening) (Turf) (Flat),Evening,Turf,Flat,UK
2025-07-21,Cartmel (Afternoon) (Turf) (Jumps),Afternoon,Turf,Jumps,UK
2025-07-21,Windsor (Evening) (Turf) (Flat),Evening,Turf,Flat,UK
2025-07-22,Lingfield (Afternoon) (Turf) (Flat),Afternoon,Turf,Flat,UK
2025-07-22,Musselburgh (Afternoon) (Turf) (Flat),Afternoon,Turf,Flat,UK
2025-07-22,Wolverhampton (Evening) () (Flat),Evening,,Flat,UK
2025-07-23,Catterick (Afternoon) (Turf) (Flat),Afternoon,Turf,Flat,UK
2025-07-23,Doncaster (Evening) (Turf) (Flat),Evening,Turf,Flat,UK
2025-07-23,Leicester (Evening) (Turf) (Flat),Evening,Turf,Flat,UK
2025-07-23,Salisbury (Afternoon) (Turf) (Flat),Afternoon,Turf,Flat,UK
2025-07-24,Doncaster (Afternoon) (Turf) (Flat),Afternoon,Turf,Flat,UK
2025-07-24,Newbury (Evening) (Turf) (Flat),Evening,Turf,Flat,UK
2025-07-24,Sandown (Afternoon) (Turf) (Flat),Afternoon,Turf,Flat,UK
2025-07-24,Worcester (Afternoon) (Turf) (Jumps),Afternoon,Turf,Jumps,UK
2025-07-24,Yarmouth (Evening) (Turf) (Flat),Evening,Turf,Flat,UK
2025-07-25,Ascot (Afternoon) (Turf) (Flat),Afternoon,Turf,Flat,UK
2025-07-25,Chepstow (Evening) (Turf) (Flat),Evening,Turf,Flat,UK
2025-07-25,Sandown (Evening) (Turf) (Flat),Evening,Turf,Flat,UK
2025-07-25,Thirsk (Afternoon) (Turf) (Flat),Afternoon,Turf,Flat,UK
2025-07-25,Uttoxeter (Afternoon) (Turf) (Jumps),Afternoon,Turf,Jumps,UK
2025-07-25,York (Evening) (Turf) (Flat),Evening,Turf,Flat,UK
2025-07-26,Ascot (Afternoon) (Turf) (Flat),Afternoon,Turf,Flat,UK
2025-07-26,Chester (Afternoon) (Turf) (Flat),Afternoon,Turf,Flat,UK
2025-07-26,Newcastle (Afternoon) () (Flat),Afternoon,,Flat,UK
2025-07-26,Salisbury (Evening) (Turf) (Flat),Evening,Turf,Flat,UK
2025-07-26,Windsor (Evening) (Turf) (Flat),Evening,Turf,Flat,UK
2025-07-26,York (Afternoon) (Turf) (Flat),Afternoon,Turf,Flat,UK
2025-07-27,Pontefract (Afternoon) (Turf) (Flat),Afternoon,Turf,Flat,UK
2025-07-27,Uttoxeter (Afternoon) (Turf) (Jumps),Afternoon,Turf,Jumps,UK
2025-07-28,Ayr (Afternoon) (Turf) (Flat),Afternoon,Turf,Flat,UK
2025-07-28,Southwell (Evening) () (Flat),Evening,,Flat,UK
2025-07-28,Windsor (Evening) (Turf) (Flat),Evening,Turf,Flat,UK
2025-07-28,Yarmouth (Afternoon) (Turf) (Flat),Afternoon,Turf,Flat,UK
2025-07-29,Beverley (Afternoon) (Turf) (Flat),Afternoon,Turf,Flat,UK
2025-07-29,Ffos Las (Evening) (Turf) (Flat),Evening,Turf,Flat,UK
2025-07-29,Goodwood (Afternoon) (Turf) (Flat),Afternoon,Turf,Flat,UK
2025-07-29,Ripon (Evening) (Turf) (Flat),Evening,Turf,Flat,UK
2025-07-30,Goodwood (Afternoon) (Turf) (Flat),Afternoon,Turf,Flat,UK
2025-07-30,Leicester (Evening) (Turf) (Flat),Evening,Turf,Flat,UK
2025-07-30,Redcar (Afternoon) (Turf) (Flat),Afternoon,Turf,Flat,UK
2025-07-30,Sandown (Evening) (Turf) (Flat),Evening,Turf,Flat,UK
2025-07-31,Epsom Downs (Evening) (Turf) (Flat),Evening,Turf,Flat,UK
2025-07-31,Goodwood (Afternoon) (Turf) (Flat),Afternoon,Turf,Flat,UK
2025-07-31,Nottingham (Afternoon) (Turf) (Flat),Afternoon,Turf,Flat,UK
2025-07-31,Wolverhampton (Evening) () (Flat),Evening,,Flat,UK
2025-08-01,Bath (Evening) (Turf) (Flat),Evening,Turf,Flat,UK
2025-08-01,Goodwood (Afternoon) (Turf) (Flat),Afternoon,Turf,Flat,UK
2025-08-01,Musselburgh (Evening) (Turf) (Flat),Evening,Turf,Flat,UK
2025-08-01,Newcastle (Afternoon) () (Flat),Afternoon,,Flat,UK
2025-08-01,Newmarket (Evening) (Turf) (Flat),Evening,Turf,Flat,UK
2025-08-01,Southwell (Afternoon) () (Flat),Afternoon,,Flat,UK
2025-08-02,Doncaster (Afternoon) (Turf) (Flat),Afternoon,Turf,Flat,UK
2025-08-02,Goodwood (Afternoon) (Turf) (Flat),Afternoon,Turf,Flat,UK
2025-08-02,Hamilton (Evening) (Turf) (Flat),Evening,Turf,Flat,UK
2025-08-02,Lingfield (Evening) (Turf) (Flat),Evening,Turf,Flat,UK
2025-08-02,Newmarket (Afternoon) (Turf) (Flat),Afternoon,Turf,Flat,UK
2025-08-02,Thirsk (Afternoon) (Turf) (Flat),Afternoon,Turf,Flat,UK
2025-08-03,Chester (Afternoon) (Turf) (Flat),Afternoon,Turf,Flat,UK
2025-08-03,Yarmouth (Afternoon) (Turf) (Flat),Afternoon,Turf,Flat,UK
2025-08-04,Carlisle (Evening) (Turf) (Flat),Evening,Turf,Flat,UK
2025-08-04,Lingfield (Afternoon) (Turf) (Flat),Afternoon,Turf,Flat,UK
2025-08-04,Ripon (Afternoon) (Turf) (Flat),Afternoon,Turf,Flat,UK
2025-08-04,Windsor (Evening) (Turf) (Flat),Evening,Turf,Flat,UK
2025-08-05,Catterick (Afternoon) (Turf) (Flat),Afternoon,Turf,Flat,UK
2025-08-05,Ffos Las (Afternoon) (Turf) (Flat),Afternoon,Turf,Flat,UK
2025-08-05,Newbury (Evening) (Turf) (Flat),Evening,Turf,Flat,UK
2025-08-06,Brighton (Afternoon) (Turf) (Flat),Afternoon,Turf,Flat,UK
2025-08-06,Kempton (Evening) () (Flat),Evening,,Flat,UK
2025-08-06,Pontefract (Afternoon) (Turf) (Flat),Afternoon,Turf,Flat,UK
2025-08-06,Yarmouth (Evening) (Turf) (Flat),Evening,Turf,Flat,UK
2025-08-07,Brighton (Afternoon) (Turf) (Flat),Afternoon,Turf,Flat,UK
2025-08-07,Chelmsford City (Afternoon) () (Flat),Afternoon,,Flat,UK
2025-08-07,Chepstow (Evening) (Turf) (Flat),Evening,Turf,Flat,UK
2025-08-07,Nottingham (Afternoon) (Turf) (Flat),Afternoon,Turf,Flat,UK
2025-08-07,Sandown (Evening) (Turf) (Flat),Evening,Turf,Flat,UK
2025-08-08,Brighton (Afternoon) (Turf) (Flat),Afternoon,Turf,Flat,UK
2025-08-08,Haydock (Evening) (Turf) (Flat),Evening,Turf,Flat,UK
2025-08-08,Musselburgh (Afternoon) (Turf) (Flat),Afternoon,Turf,Flat,UK
2025-08-08,Newmarket (Evening) (Turf) (Flat),Evening,Turf,Flat,UK
2025-08-08,Thirsk (Afternoon) (Turf) (Flat),Afternoon,Turf,Flat,UK
2025-08-09,Ascot (Afternoon) (Turf) (Flat),Afternoon,Turf,Flat,UK
2025-08-09,Ayr (Evening) (Turf) (Flat),Evening,Turf,Flat,UK
2025-08-09,Haydock (Afternoon) (Turf) (Flat),Afternoon,Turf,Flat,UK
2025-08-09,Lingfield (Evening) (Turf) (Flat),Evening,Turf,Flat,UK
2025-08-09,Newmarket (Afternoon) (Turf) (Flat),Afternoon,Turf,Flat,UK
2025-08-09,Redcar (Afternoon) (Turf) (Flat),Afternoon,Turf,Flat,UK
2025-08-10,Haydock (Afternoon) (Turf) (Flat),Afternoon,Turf,Flat,UK
2025-08-10,Leicester (Afternoon) (Turf) (Flat),Afternoon,Turf,Flat,UK
2025-08-10,Wolverhampton (Afternoon) () (Flat),Afternoon,,Flat,UK
2025-08-11,Ayr (Afternoon) (Turf) (Flat),Afternoon,Turf,Flat,UK
2025-08-11,Kempton (Afternoon) () (Flat),Afternoon,,Flat,UK
2025-08-11,Windsor (Evening) (Turf) (Flat),Evening,Turf,Flat,UK
2025-08-12,Carlisle (Afternoon) (Turf) (Flat),Afternoon,Turf,Flat,UK
2025-08-12,Hamilton (Evening) (Turf) (Flat),Evening,Turf,Flat,UK
2025-08-12,Lingfield (Afternoon) (Turf) (Flat),Afternoon,Turf,Flat,UK
2025-08-13,Beverley (Afternoon) (Turf) (Flat),Afternoon,Turf,Flat,UK
2025-08-13,Ffos Las (Evening) (Turf) (Flat),Evening,Turf,Flat,UK
2025-08-13,Kempton (Evening) () (Flat),Evening,,Flat,UK
2025-08-13,Salisbury (Afternoon) (Turf) (Flat),Afternoon,Turf,Flat,UK
2025-08-14,Beverley (Afternoon) (Turf) (Flat),Afternoon,Turf,Flat,UK
2025-08-14,Chelmsford City (Evening) () (Flat),Evening,,Flat,UK
2025-08-14,Chepstow (Afternoon) (Turf) (Flat),Afternoon,Turf,Flat,UK
2025-08-14,Salisbury (Afternoon) (Turf) (Flat),Afternoon,Turf,Flat,UK
2025-08-14,Windsor (Evening) (Turf) (Flat),Evening,Turf,Flat,UK
2025-08-15,Epsom Downs (Afternoon) (Turf) (Flat),Afternoon,Turf,Flat,UK
2025-08-15,Newbury (Afternoon) (Turf) (Flat),Afternoon,Turf,Flat,UK
2025-08-15,Newmarket (Evening) (Turf) (Flat),Evening,Turf,Flat,UK
2025-08-15,Thirsk (Evening) (Turf) (Flat),Evening,Turf,Flat,UK
2025-08-15,Yarmouth (Afternoon) (Turf) (Flat),Afternoon,Turf,Flat,UK
2025-08-16,Bath (Evening) (Turf) (Flat),Evening,Turf,Flat,UK
2025-08-16,Doncaster (Afternoon) (Turf) (Flat),Afternoon,Turf,Flat,UK
2025-08-16,Market Rasen (Evening) (Turf) (Jumps),Evening,Turf,Jumps,UK
2025-08-16,Newbury (Afternoon) (Turf) (Flat),Afternoon,Turf,Flat,UK
2025-08-16,Newmarket (Afternoon) (Turf) (Flat),Afternoon,Turf,Flat,UK
2025-08-16,Perth (Afternoon) (Turf) (Jumps),Afternoon,Turf,Jumps,UK
2025-08-16,Ripon (Afternoon) (Turf) (Flat),Afternoon,Turf,Flat,UK
2025-08-17,Pontefract (Afternoon) (Turf) (Flat),Afternoon,Turf,Flat,UK
2025-08-17,Southwell (Afternoon) () (Flat),Afternoon,,Flat,UK
2025-08-18,Ayr (Evening) (Turf) (Flat),Evening,Turf,Flat,UK
2025-08-18,Catterick (Afternoon) (Turf) (Flat),Afternoon,Turf,Flat,UK
2025-08-18,Stratford (Afternoon) (Turf) (Jumps),Afternoon,Turf,Jumps,UK
2025-08-18,Windsor (Evening) (Turf) (Flat),Evening,Turf,Flat,UK
2025-08-19,Brighton (Afternoon) (Turf) (Flat),Afternoon,Turf,Flat,UK
2025-08-19,Chepstow (Evening) (Turf) (Flat),Evening,Turf,Flat,UK
2025-08-19,Kempton (Afternoon) () (Flat),Afternoon,,Flat,UK
2025-08-19,Wolverhampton (Evening) () (Flat),Evening,,Flat,UK
2025-08-20,Carlisle (Afternoon) (Turf) (Flat),Afternoon,Turf,Flat,UK
2025-08-20,Kempton (Evening) () (Flat),Evening,,Flat,UK
2025-08-20,Worcester (Evening) (Turf) (Jumps),Evening,Turf,Jumps,UK
2025-08-20,York (Afternoon) (Turf) (Flat),Afternoon,Turf,Flat,UK
2025-08-21,Chelmsford City (Evening) () (Flat),Evening,,Flat,UK
2025-08-21,Lingfield (Afternoon) () (Flat),Afternoon,,Flat,UK
2025-08-21,Newcastle (Evening) () (Flat),Evening,,Flat,UK
2025-08-21,Newton Abbot (Afternoon) (Turf) (Jumps),Afternoon,Turf,Jumps,UK
2025-08-21,York (Afternoon) (Turf) (Flat),Afternoon,Turf,Flat,UK
2025-08-22,Ffos Las (Afternoon) (Turf) (Flat),Afternoon,Turf,Flat,UK
2025-08-22,Goodwood (Evening) (Turf) (Flat),Evening,Turf,Flat,UK
2025-08-22,Hamilton (Evening) (Turf) (Flat),Evening,Turf,Flat,UK
2025-08-22,Newmarket (Afternoon) (Turf) (Flat),Afternoon,Turf,Flat,UK
2025-08-22,York (Afternoon) (Turf) (Flat),Afternoon,Turf,Flat,UK
2025-08-23,Cartmel (Afternoon) (Turf) (Jumps),Afternoon,Turf,Jumps,UK
2025-08-23,Goodwood (Afternoon) (Turf) (Flat),Afternoon,Turf,Flat,UK
2025-08-23,Newmarket (Afternoon) (Turf) (Flat),Afternoon,Turf,Flat,UK
2025-08-23,Redcar (Evening) (Turf) (Flat),Evening,Turf,Flat,UK
2025-08-23,Windsor (Evening) (Turf) (Flat),Evening,Turf,Flat,UK
2025-08-23,York (Afternoon) (Turf) (Flat),Afternoon,Turf,Flat,UK
2025-08-24,Beverley (Afternoon) (Turf) (Flat),Afternoon,Turf,Flat,UK
2025-08-24,Goodwood (Afternoon) (Turf) (Flat),Afternoon,Turf,Flat,UK
2025-08-24,Yarmouth (Afternoon) (Turf) (Flat),Afternoon,Turf,Flat,UK
2025-08-25,Cartmel (Afternoon) (Turf) (Jumps),Afternoon,Turf,Jumps,UK
2025-08-25,Chepstow (Afternoon) (Turf) (Flat),Afternoon,Turf,Flat,UK
2025-08-25,Epsom Downs (Afternoon) (Turf) (Flat),Afternoon,Turf,Flat,UK
2025-08-25,Ripon (Afternoon) (Turf) (Flat),Afternoon,Turf,Flat,UK
2025-08-25,Southwell (Afternoon) () (Flat),Afternoon,,Flat,UK
2025-08-26,Lingfield (Evening) () (Flat),Evening,,Flat,UK
2025-08-26,Musselburgh (Afternoon) (Turf) (Flat),Afternoon,Turf,Flat,UK
2025-08-26,Ripon (Afternoon) (Turf) (Flat),Afternoon,Turf,Flat,UK
2025-08-27,Catterick (Afternoon) (Turf) (Flat),Afternoon,Turf,Flat,UK
2025-08-27,Hexham (Evening) (Turf) (Jumps),Evening,Turf,Jumps,UK
2025-08-27,Kempton (Evening) () (Flat),Evening,,Flat,UK
2025-08-27,Musselburgh (Afternoon) (Turf) (Flat),Afternoon,Turf,Flat,UK
2025-08-28,Chelmsford City (Afternoon) () (Flat),Afternoon,,Flat,UK
2025-08-28,Ffos Las (Afternoon) (Turf) (Flat),Afternoon,Turf,Flat,UK
2025-08-28,Newbury (Evening) (Turf) (Flat),Evening,Turf,Flat,UK
2025-08-28,Southwell (Evening) () (Flat),Evening,,Flat,UK
2025-08-29,Ffos Las (Afternoon) (Turf) (Flat),Afternoon,Turf,Flat,UK
2025-08-29,Fontwell (Evening) (Turf) (Jumps),Evening,Turf,Jumps,UK
2025-08-29,Newcastle (Evening) () (Flat),Evening,,Flat,UK
2025-08-29,Salisbury (Evening) (Turf) (Flat),Evening,Turf,Flat,UK
2025-08-29,Sandown (Afternoon) (Turf) (Flat),Afternoon,Turf,Flat,UK
2025-08-29,Thirsk (Afternoon) (Turf) (Flat),Afternoon,Turf,Flat,UK
2025-08-30,Beverley (Afternoon) (Turf) (Flat),Afternoon,Turf,Flat,UK
2025-08-30,Chelmsford City (Evening) () (Flat),Evening,,Flat,UK
2025-08-30,Chester (Afternoon) (Turf) (Flat),Afternoon,Turf,Flat,UK
2025-08-30,Lingfield (Evening) (Turf) (Flat),Evening,Turf,Flat,UK
2025-08-30,Newton Abbot (Afternoon) (Turf) (Jumps),Afternoon,Turf,Jumps,UK
2025-08-30,Sandown (Afternoon) (Turf) (Flat),Afternoon,Turf,Flat,UK
2025-08-31,Brighton (Afternoon) (Turf) (Flat),Afternoon,Turf,Flat,UK
2025-08-31,Worcester (Afternoon) (Turf) (Jumps),Afternoon,Turf,Jumps,UK
2025-09-01,Brighton (Afternoon) (Turf) (Flat),Afternoon,Turf,Flat,UK
2025-09-01,Carlisle (Afternoon) (Turf) (Flat),Afternoon,Turf,Flat,UK
2025-09-01,Windsor (Evening) (Turf) (Flat),Evening,Turf,Flat,UK
2025-09-02,Chepstow (Afternoon) (Turf) (Flat),Afternoon,Turf,Flat,UK
2025-09-02,Goodwood (Afternoon) (Turf) (Flat),Afternoon,Turf,Flat,UK
2025-09-02,Southwell (Evening) () (Flat),Evening,,Flat,UK
2025-09-02,Wolverhampton (Evening) () (Flat),Evening,,Flat,UK
2025-09-03,Bath (Afternoon) (Turf) (Flat),Afternoon,Turf,Flat,UK
2025-09-03,Hamilton (Evening) (Turf) (Flat),Evening,Turf,Flat,UK
2025-09-03,Kempton (Evening) () (Flat),Evening,,Flat,UK
2025-09-03,Lingfield (Afternoon) () (Flat),Afternoon,,Flat,UK
2025-09-04,Haydock (Afternoon) (Turf) (Flat),Afternoon,Turf,Flat,UK
2025-09-04,Lingfield (Evening) () (Flat),Evening,,Flat,UK
2025-09-04,Salisbury (Afternoon) (Turf) (Flat),Afternoon,Turf,Flat,UK
2025-09-04,Sedgefield (Evening) (Turf) (Jumps),Evening,Turf,Jumps,UK
2025-09-04,Southwell (Afternoon) () (Flat),Afternoon,,Flat,UK
2025-09-05,Ascot (Afternoon) (Turf) (Flat),Afternoon,Turf,Flat,UK
2025-09-05,Bangor-on-Dee (Afternoon) (Turf) (Jumps),Afternoon,Turf,Jumps,UK
2025-09-05,Haydock (Afternoon) (Turf) (Flat),Afternoon,Turf,Flat,UK
2025-09-05,Kempton (Evening) () (Flat),Evening,,Flat,UK
2025-09-05,Worcester (Evening) (Turf) (Jumps),Evening,Turf,Jumps,UK
2025-09-06,Ascot (Afternoon) (Turf) (Flat),Afternoon,Turf,Flat,UK
2025-09-06,Haydock (Afternoon) (Turf) (Flat),Afternoon,Turf,Flat,UK
2025-09-06,Kempton (Afternoon) () (Flat),Afternoon,,Flat,UK
2025-09-06,Stratford (Afternoon) (Turf) (Jumps),Afternoon,Turf,Jumps,UK
2025-09-06,Thirsk (Afternoon) (Turf) (Flat),Afternoon,Turf,Flat,UK
2025-09-06,Wolverhampton (Evening) () (Flat),Evening,,Flat,UK
2025-09-07,Fontwell (Afternoon) (Turf) (Jumps),Afternoon,Turf,Jumps,UK
2025-09-07,York (Afternoon) (Turf) (Flat),Afternoon,Turf,Flat,UK
2025-09-08,Newcastle () () (),,,,UK
2025-09-08,Perth (Afternoon) (Turf) (Jumps),Afternoon,Turf,Jumps,UK
2025-09-08,Windsor (Afternoon) (Turf) (Flat),Afternoon,Turf,Flat,UK
2025-09-09,Catterick (Afternoon) (Turf) (Flat),Afternoon,Turf,Flat,UK
2025-09-09,Ffos Las (Evening) (Turf) (Flat),Evening,Turf,Flat,UK
2025-09-09,Leicester (Afternoon) (Turf) (Flat),Afternoon,Turf,Flat,UK
2025-09-09,Newton Abbot (Afternoon) (Turf) (Jumps),Afternoon,Turf,Jumps,UK
2025-09-10,Carlisle (Afternoon) (Turf) (Flat),Afternoon,Turf,Flat,UK
2025-09-10,Kempton () () (),,,,UK
2025-09-10,Lingfield (Afternoon) () (Flat),Afternoon,,Flat,UK
2025-09-10,Uttoxeter (Afternoon) (Turf) (Jumps),Afternoon,Turf,Jumps,UK
2025-09-11,Chelmsford City (Afternoon) () (Flat),Afternoon,,Flat,UK
2025-09-11,Doncaster (Afternoon) (Turf) (Flat),Afternoon,Turf,Flat,UK
2025-09-11,Epsom Downs (Afternoon) (Turf) (Flat),Afternoon,Turf,Flat,UK
2025-09-11,Newcastle () () (),,,,UK
2025-09-12,Chester (Afternoon) (Turf) (Flat),Afternoon,Turf,Flat,UK
2025-09-12,Doncaster (Afternoon) (Turf) (Flat),Afternoon,Turf,Flat,UK
2025-09-12,Salisbury (Evening) (Turf) (Flat),Evening,Turf,Flat,UK
2025-09-12,Sandown (Afternoon) (Turf) (Flat),Afternoon,Turf,Flat,UK
2025-09-13,Bath (Afternoon) (Turf) (Flat),Afternoon,Turf,Flat,UK
2025-09-13,Chester (Afternoon) (Turf) (Flat),Afternoon,Turf,Flat,UK
2025-09-13,Doncaster (Afternoon) (Turf) (Flat),Afternoon,Turf,Flat,UK
2025-09-13,Lingfield (Afternoon) (Turf) (Flat),Afternoon,Turf,Flat,UK
2025-09-13,Musselburgh (Evening) (Turf) (Flat),Evening,Turf,Flat,UK
2025-09-14,Bath (Afternoon) (Turf) (Flat),Afternoon,Turf,Flat,UK
2025-09-14,Doncaster (Afternoon) (Turf) (Flat),Afternoon,Turf,Flat,UK
2025-09-14,Musselburgh (Afternoon) (Turf) (Flat),Afternoon,Turf,Flat,UK
2025-09-15,Brighton (Afternoon) (Turf) (Flat),Afternoon,Turf,Flat,UK
2025-09-15,Kempton () () (),,,,UK
2025-09-15,Thirsk (Afternoon) (Turf) (Flat),Afternoon,Turf,Flat,UK
2025-09-15,Worcester (Afternoon) (Turf) (Jumps),Afternoon,Turf,Jumps,UK
2025-09-16,Redcar (Afternoon) (Turf) (Flat),Afternoon,Turf,Flat,UK
2025-09-16,Uttoxeter (Afternoon) (Turf) (Jumps),Afternoon,Turf,Jumps,UK
2025-09-16,Wolverhampton () () (),,,,UK
2025-09-16,Yarmouth (Afternoon) (Turf) (Flat),Afternoon,Turf,Flat,UK
2025-09-17,Beverley (Afternoon) (Turf) (Flat),Afternoon,Turf,Flat,UK
2025-09-17,Kelso (Evening) (Turf) (Jumps),Evening,Turf,Jumps,UK
2025-09-17,Sandown (Afternoon) (Turf) (Flat),Afternoon,Turf,Flat,UK
2025-09-17,Yarmouth (Afternoon) (Turf) (Flat),Afternoon,Turf,Flat,UK
2025-09-18,Ayr (Afternoon) (Turf) (Flat),Afternoon,Turf,Flat,UK
2025-09-18,Chelmsford City () () (),,,,UK
2025-09-18,Pontefract (Afternoon) (Turf) (Flat),Afternoon,Turf,Flat,UK
2025-09-18,Yarmouth (Afternoon) (Turf) (Flat),Afternoon,Turf,Flat,UK
2025-09-19,Ayr (Afternoon) (Turf) (Flat),Afternoon,Turf,Flat,UK
2025-09-19,Newbury (Afternoon) (Turf) (Flat),Afternoon,Turf,Flat,UK
2025-09-19,Newcastle () () (),,,,UK
2025-09-19,Newton Abbot (Afternoon) (Turf) (Jumps),Afternoon,Turf,Jumps,UK
2025-09-20,Ayr (Afternoon) (Turf) (Flat),Afternoon,Turf,Flat,UK
2025-09-20,Chester (Afternoon) (Turf) (Flat),Afternoon,Turf,Flat,UK
2025-09-20,Newbury (Afternoon) (Turf) (Flat),Afternoon,Turf,Flat,UK
2025-09-20,Newmarket (Afternoon) (Turf) (Flat),Afternoon,Turf,Flat,UK
2025-09-20,Wolverhampton () () (),,,,UK
2025-09-21,Hamilton (Afternoon) (Turf) (Flat),Afternoon,Turf,Flat,UK
2025-09-21,Plumpton (Afternoon) (Turf) (Jumps),Afternoon,Turf,Jumps,UK
2025-09-21,Southwell (Afternoon) () (Flat),Afternoon,,Flat,UK
2025-09-22,Fontwell (Afternoon) (Turf) (Jumps),Afternoon,Turf,Jumps,UK
2025-09-22,Hamilton (Afternoon) (Turf) (Flat),Afternoon,Turf,Flat,UK
2025-09-22,Leicester (Afternoon) (Turf) (Flat),Afternoon,Turf,Flat,UK
2025-09-22,Wolverhampton () () (),,,,UK
2025-09-23,Beverley (Afternoon) (Turf) (Flat),Afternoon,Turf,Flat,UK
2025-09-23,Lingfield (Afternoon) () (Flat),Afternoon,,Flat,UK
2025-09-23,Southwell () () (),,,,UK
2025-09-23,Warwick (Afternoon) (Turf) (Jumps),Afternoon,Turf,Jumps,UK
2025-09-24,Goodwood (Afternoon) (Turf) (Flat),Afternoon,Turf,Flat,UK
2025-09-24,Kempton () () (),,,,UK
2025-09-24,Perth (Afternoon) (Turf) (Jumps),Afternoon,Turf,Jumps,UK
2025-09-24,Redcar (Afternoon) (Turf) (Flat),Afternoon,Turf,Flat,UK
2025-09-25,Newcastle () () (),,,,UK
2025-09-25,Newmarket (Afternoon) (Turf) (Flat),Afternoon,Turf,Flat,UK
2025-09-25,Perth (Afternoon) (Turf) (Jumps),Afternoon,Turf,Jumps,UK
2025-09-25,Pontefract (Afternoon) (Turf) (Flat),Afternoon,Turf,Flat,UK
2025-09-26,Haydock (Afternoon) (Turf) (Flat),Afternoon,Turf,Flat,UK
2025-09-26,Newcastle () () (),,,,UK
2025-09-26,Newmarket (Afternoon) (Turf) (Flat),Afternoon,Turf,Flat,UK
2025-09-26,Worcester (Afternoon) (Turf) (Jumps),Afternoon,Turf,Jumps,UK
2025-09-27,Haydock (Afternoon) (Turf) (Flat),Afternoon,Turf,Flat,UK
2025-09-27,Market Rasen (Afternoon) (Turf) (Jumps),Afternoon,Turf,Jumps,UK
2025-09-27,Newmarket (Afternoon) (Turf) (Flat),Afternoon,Turf,Flat,UK
2025-09-27,Ripon (Afternoon) (Turf) (Flat),Afternoon,Turf,Flat,UK
2025-09-27,Southwell () () (),,,,UK
2025-09-28,Epsom Downs (Afternoon) (Turf) (Flat),Afternoon,Turf,Flat,UK
2025-09-28,Ffos Las (Afternoon) (Turf) (Flat),Afternoon,Turf,Flat,UK
2025-09-28,Newcastle (Afternoon) () (Flat),Afternoon,,Flat,UK
2025-09-29,Brighton (Afternoon) (Turf) (Flat),Afternoon,Turf,Flat,UK
2025-09-29,Hamilton (Afternoon) (Turf) (Flat),Afternoon,Turf,Flat,UK
2025-09-29,Newton Abbot (Afternoon) (Turf) (Jumps),Afternoon,Turf,Jumps,UK
2025-09-29,Southwell () () (),,,,UK
2025-09-30,Ayr (Afternoon) (Turf) (Flat),Afternoon,Turf,Flat,UK
2025-09-30,Bath (Afternoon) (Turf) (Flat),Afternoon,Turf,Flat,UK
2025-09-30,Newcastle () () (),,,,UK
2025-09-30,Sedgefield (Afternoon) (Turf) (Jumps),Afternoon,Turf,Jumps,UK
2025-10-01,Catterick (Afternoon) (Turf) (Flat),Afternoon,Turf,Flat,UK
2025-10-01,Kempton () () (),,,,UK
2025-10-01,Musselburgh (Afternoon) (Turf) (Flat),Afternoon,Turf,Flat,UK
2025-10-01,Warwick (Afternoon) (Turf) (Jumps),Afternoon,Turf,Jumps,UK
2025-10-02,Chelmsford City () () (),,,,UK
2025-10-02,Newcastle () () (),,,,UK
2025-10-02,Nottingham (Afternoon) (Turf) (Flat),Afternoon,Turf,Flat,UK
2025-10-02,Salisbury (Afternoon) (Turf) (Flat),Afternoon,Turf,Flat,UK
2025-10-02,Southwell (Afternoon) (Turf) (Jumps),Afternoon,Turf,Jumps,UK
2025-10-03,Ascot (Afternoon) (Turf) (Flat),Afternoon,Turf,Flat,UK
2025-10-03,Fontwell (Afternoon) (Turf) (Jumps),Afternoon,Turf,Jumps,UK
2025-10-03,Hexham (Afternoon) (Turf) (Jumps),Afternoon,Turf,Jumps,UK
2025-10-03,Southwell () () (),,,,UK
2025-10-04,Ascot (Afternoon) (Turf) (Flat),Afternoon,Turf,Flat,UK
2025-10-04,Newcastle (Afternoon) () (Flat),Afternoon,,Flat,UK
2025-10-04,Newmarket (Afternoon) (Turf) (Flat),Afternoon,Turf,Flat,UK
2025-10-04,Redcar (Afternoon) (Turf) (Flat),Afternoon,Turf,Flat,UK
2025-10-04,Wolverhampton () () (),,,,UK
2025-10-05,Kelso (Afternoon) (Turf) (Jumps),Afternoon,Turf,Jumps,UK
2025-10-05,Uttoxeter (Afternoon) (Turf) (Jumps),Afternoon,Turf,Jumps,UK
2025-10-06,Pontefract (Afternoon) (Turf) (Flat),Afternoon,Turf,Flat,UK
2025-10-06,Stratford (Afternoon) (Turf) (Jumps),Afternoon,Turf,Jumps,UK
2025-10-06,Wolverhampton () () (),,,,UK
2025-10-06,Yarmouth (Afternoon) (Turf) (Flat),Afternoon,Turf,Flat,UK
2025-10-07,Brighton (Afternoon) (Turf) (Flat),Afternoon,Turf,Flat,UK
2025-10-07,Huntingdon (Afternoon) (Turf) (Jumps),Afternoon,Turf,Jumps,UK
2025-10-07,Leicester (Afternoon) (Turf) (Flat),Afternoon,Turf,Flat,UK
2025-10-07,Southwell () () (),,,,UK
2025-10-08,Kempton () () (),,,,UK
2025-10-08,Ludlow (Afternoon) (Turf) (Jumps),Afternoon,Turf,Jumps,UK
2025-10-08,Nottingham (Afternoon) (Turf) (Flat),Afternoon,Turf,Flat,UK
2025-10-08,Sedgefield (Afternoon) (Turf) (Jumps),Afternoon,Turf,Jumps,UK
2025-10-09,Ayr (Afternoon) (Turf) (Flat),Afternoon,Turf,Flat,UK
2025-10-09,Bath (Afternoon) (Turf) (Flat),Afternoon,Turf,Flat,UK
2025-10-09,Chelmsford City () () (),,,,UK
2025-10-09,Exeter (Afternoon) (Turf) (Jumps),Afternoon,Turf,Jumps,UK
2025-10-09,Newcastle () () (),,,,UK
2025-10-10,Chepstow (Afternoon) (Turf) (Jumps),Afternoon,Turf,Jumps,UK
2025-10-10,Kempton () () (),,,,UK
2025-10-10,Newmarket (Afternoon) (Turf) (Flat),Afternoon,Turf,Flat,UK
2025-10-10,York (Afternoon) (Turf) (Flat),Afternoon,Turf,Flat,UK
2025-10-11,Chepstow (Afternoon) (Turf) (Jumps),Afternoon,Turf,Jumps,UK
2025-10-11,Hexham (Afternoon) (Turf) (Jumps),Afternoon,Turf,Jumps,UK
2025-10-11,Newmarket (Afternoon) (Turf) (Flat),Afternoon,Turf,Flat,UK
2025-10-11,Wolverhampton () () (),,,,UK
2025-10-11,York (Afternoon) (Turf) (Flat),Afternoon,Turf,Flat,UK
2025-10-12,Chepstow (Afternoon) (Turf) (Jumps),Afternoon,Turf,Jumps,UK
2025-10-12,Goodwood (Afternoon) (Turf) (Flat),Afternoon,Turf,Flat,UK
2025-10-13,Hereford (Afternoon) (Turf) (Jumps),Afternoon,Turf,Jumps,UK
2025-10-13,Kempton () () (),,,,UK
2025-10-13,Musselburgh (Afternoon) (Turf) (Flat),Afternoon,Turf,Flat,UK
2025-10-13,Yarmouth (Afternoon) (Turf) (Flat),Afternoon,Turf,Flat,UK
2025-10-14,Leicester (Afternoon) (Turf) (Flat),Afternoon,Turf,Flat,UK
2025-10-14,Lingfield (Afternoon) () (Flat),Afternoon,,Flat,UK
2025-10-14,Market Rasen (Afternoon) (Turf) (Jumps),Afternoon,Turf,Jumps,UK
2025-10-14,Newcastle () () (),,,,UK
2025-10-15,Kempton () () (),,,,UK
2025-10-15,Nottingham (Afternoon) (Turf) (Flat),Afternoon,Turf,Flat,UK
2025-10-15,Wetherby (Afternoon) (Turf) (Jumps),Afternoon,Turf,Jumps,UK
2025-10-15,Worcester (Afternoon) (Turf) (Jumps),Afternoon,Turf,Jumps,UK
2025-10-16,Brighton (Afternoon) (Turf) (Flat),Afternoon,Turf,Flat,UK
2025-10-16,Carlisle (Afternoon) (Turf) (Jumps),Afternoon,Turf,Jumps,UK
2025-10-16,Chelmsford City () () (),,,,UK
2025-10-16,Ffos Las (Afternoon) (Turf) (Jumps),Afternoon,Turf,Jumps,UK
2025-10-16,Southwell () () (),,,,UK
2025-10-17,Fakenham (Afternoon) (Turf) (Jumps),Afternoon,Turf,Jumps,UK
2025-10-17,Haydock (Afternoon) (Turf) (Flat),Afternoon,Turf,Flat,UK
2025-10-17,Newcastle () () (),,,,UK
2025-10-17,Redcar (Afternoon) (Turf) (Flat),Afternoon,Turf,Flat,UK
2025-10-17,Uttoxeter (Afternoon) (Turf) (Jumps),Afternoon,Turf,Jumps,UK
2025-10-18,Ascot (Afternoon) (Turf) (Flat),Afternoon,Turf,Flat,UK
2025-10-18,Catterick (Afternoon) (Turf) (Flat),Afternoon,Turf,Flat,UK
2025-10-18,Newton Abbot (Afternoon) (Turf) (Jumps),Afternoon,Turf,Jumps,UK
2025-10-18,Stratford (Afternoon) (Turf) (Jumps),Afternoon,Turf,Jumps,UK
2025-10-18,Wolverhampton () () (),,,,UK
2025-10-19,Kempton (Afternoon) (Turf) (Jumps),Afternoon,Turf,Jumps,UK
2025-10-19,Sedgefield (Afternoon) (Turf) (Jumps),Afternoon,Turf,Jumps,UK
2025-10-20,Bath (Afternoon) (Turf) (Flat),Afternoon,Turf,Flat,UK
2025-10-20,Plumpton (Afternoon) (Turf) (Jumps),Afternoon,Turf,Jumps,UK
2025-10-20,Pontefract (Afternoon) (Turf) (Flat),Afternoon,Turf,Flat,UK
2025-10-20,Wolverhampton () () (),,,,UK
2025-10-21,Exeter (Afternoon) (Turf) (Jumps),Afternoon,Turf,Jumps,UK
2025-10-21,Newcastle () () (),,,,UK
2025-10-21,Perth (Afternoon) (Turf) (Jumps),Afternoon,Turf,Jumps,UK
2025-10-21,Yarmouth (Afternoon) (Turf) (Flat),Afternoon,Turf,Flat,UK
2025-10-22,Kempton () () (),,,,UK
2025-10-22,Newmarket (Afternoon) (Turf) (Flat),Afternoon,Turf,Flat,UK
2025-10-22,Worcester (Afternoon) (Turf) (Jumps),Afternoon,Turf,Jumps,UK
2025-10-23,Chelmsford City () () (),,,,UK
2025-10-23,Fontwell (Afternoon) (Turf) (Jumps),Afternoon,Turf,Jumps,UK
2025-10-23,Ludlow (Afternoon) (Turf) (Jumps),Afternoon,Turf,Jumps,UK
2025-10-23,Nottingham (Afternoon) (Turf) (Flat),Afternoon,Turf,Flat,UK
2025-10-23,Southwell () () (),,,,UK
2025-10-24,Cheltenham (Afternoon) (Turf) (Jumps),Afternoon,Turf,Jumps,UK
2025-10-24,Doncaster (Afternoon) (Turf) (Flat),Afternoon,Turf,Flat,UK
2025-10-24,Newbury (Afternoon) (Turf) (Flat),Afternoon,Turf,Flat,UK
2025-10-24,Southwell () () (),,,,UK
2025-10-25,Cheltenham (Afternoon) (Turf) (Jumps),Afternoon,Turf,Jumps,UK
2025-10-25,Doncaster (Afternoon) (Turf) (Flat),Afternoon,Turf,Flat,UK
2025-10-25,Kelso (Afternoon) (Turf) (Jumps),Afternoon,Turf,Jumps,UK
2025-10-25,Newbury (Afternoon) (Turf) (Flat),Afternoon,Turf,Flat,UK
2025-10-25,Wolverhampton () () (),,,,UK
2025-10-26,Aintree (Afternoon) (Turf) (Jumps),Afternoon,Turf,Jumps,UK
2025-10-26,Wincanton (Afternoon) (Turf) (Jumps),Afternoon,Turf,Jumps,UK
2025-10-27,Bangor-on-Dee (Afternoon) (Turf) (Jumps),Afternoon,Turf,Jumps,UK
2025-10-27,Lingfield (Afternoon) () (Flat),Afternoon,,Flat,UK
2025-10-27,Newcastle () () (),,,,UK
2025-10-27,Redcar (Afternoon) (Turf) (Flat),Afternoon,Turf,Flat,UK
2025-10-27,Wolverhampton () () (),,,,UK
2025-10-28,Catterick (Afternoon) (Turf) (Flat),Afternoon,Turf,Flat,UK
2025-10-28,Ffos Las (Afternoon) (Turf) (Jumps),Afternoon,Turf,Jumps,UK
2025-10-28,Leicester (Afternoon) (Turf) (Flat),Afternoon,Turf,Flat,UK
2025-10-28,Wolverhampton () () (),,,,UK
2025-10-29,Fakenham (Afternoon) (Turf) (Jumps),Afternoon,Turf,Jumps,UK
2025-10-29,Kempton () () (),,,,UK
2025-10-29,Newton Abbot (Afternoon) (Turf) (Jumps),Afternoon,Turf,Jumps,UK
2025-10-29,Nottingham (Afternoon) (Turf) (Flat),Afternoon,Turf,Flat,UK
2025-10-30,Bath (Afternoon) (Turf) (Flat),Afternoon,Turf,Flat,UK
2025-10-30,Chelmsford City () () (),,,,UK
2025-10-30,Newcastle (Afternoon) (Turf) (Jumps),Afternoon,Turf,Jumps,UK
2025-10-30,Southwell () () (),,,,UK
2025-10-30,Stratford (Afternoon) (Turf) (Jumps),Afternoon,Turf,Jumps,UK
2025-10-31,Newmarket (Afternoon) (Turf) (Flat),Afternoon,Turf,Flat,UK
2025-10-31,Southwell () () (),,,,UK
2025-10-31,Uttoxeter (Afternoon) (Turf) (Jumps),Afternoon,Turf,Jumps,UK
2025-10-31,Wetherby (Afternoon) (Turf) (Jumps),Afternoon,Turf,Jumps,UK
2025-11-01,Ascot (Afternoon) (Turf) (Jumps),Afternoon,Turf,Jumps,UK
2025-11-01,Ayr (Afternoon) (Turf) (Jumps),Afternoon,Turf,Jumps,UK
2025-11-01,Newcastle () () (),,,,UK
2025-11-01,Newmarket (Afternoon) (Turf) (Flat),Afternoon,Turf,Flat,UK
2025-11-01,Wetherby (Afternoon) (Turf) (Jumps),Afternoon,Turf,Jumps,UK
2025-11-02,Carlisle (Afternoon) (Turf) (Jumps),Afternoon,Turf,Jumps,UK
2025-11-02,Huntingdon (Afternoon) (Turf) (Jumps),Afternoon,Turf,Jumps,UK
2025-11-03,Hereford (Afternoon) (Turf) (Jumps),Afternoon,Turf,Jumps,UK
2025-11-03,Kempton (Afternoon) () (Flat),Afternoon,,Flat,UK
2025-11-03,Plumpton (Afternoon) (Turf) (Jumps),Afternoon,Turf,Jumps,UK
2025-11-03,Southwell () () (),,,,UK
2025-11-03,Wolverhampton () () (),,,,UK
2025-11-04,Lingfield (Afternoon) () (Flat),Afternoon,,Flat,UK
2025-11-04,Redcar (Afternoon) (Turf) (Flat),Afternoon,Turf,Flat,UK
2025-11-04,Warwick (Afternoon) (Turf) (Jumps),Afternoon,Turf,Jumps,UK
2025-11-04,Wolverhampton () () (),,,,UK
2025-11-05,Chepstow (Afternoon) (Turf) (Jumps),Afternoon,Turf,Jumps,UK
2025-11-05,Kempton () () (),,,,UK
2025-11-05,Musselburgh (Afternoon) (Turf) (Flat),Afternoon,Turf,Flat,UK
2025-11-05,Nottingham (Afternoon) (Turf) (Flat),Afternoon,Turf,Flat,UK
2025-11-06,Chelmsford City () () (),,,,UK
2025-11-06,Ludlow (Afternoon) (Turf) (Jumps),Afternoon,Turf,Jumps,UK
2025-11-06,Newbury (Afternoon) (Turf) (Jumps),Afternoon,Turf,Jumps,UK
2025-11-06,Newcastle () () (),,,,UK
2025-11-06,Sedgefield (Afternoon) (Turf) (Jumps),Afternoon,Turf,Jumps,UK
2025-11-07,Exeter (Afternoon) (Turf) (Jumps),Afternoon,Turf,Jumps,UK
2025-11-07,Fontwell (Afternoon) (Turf) (Jumps),Afternoon,Turf,Jumps,UK
2025-11-07,Hexham (Afternoon) (Turf) (Jumps),Afternoon,Turf,Jumps,UK
2025-11-07,Newcastle () () (),,,,UK
2025-11-08,Aintree (Afternoon) (Turf) (Jumps),Afternoon,Turf,Jumps,UK
2025-11-08,Doncaster (Afternoon) (Turf) (Flat),Afternoon,Turf,Flat,UK
2025-11-08,Kelso (Afternoon) (Turf) (Jumps),Afternoon,Turf,Jumps,UK
2025-11-08,Wincanton (Afternoon) (Turf) (Jumps),Afternoon,Turf,Jumps,UK
2025-11-08,Wolverhampton () () (),,,,UK
2025-11-09,Ffos Las (Afternoon) (Turf) (Jumps),Afternoon,Turf,Jumps,UK
2025-11-09,Sandown (Afternoon) (Turf) (Jumps),Afternoon,Turf,Jumps,UK
2025-11-10,Carlisle (Afternoon) (Turf) (Jumps),Afternoon,Turf,Jumps,UK
2025-11-10,Kempton (Afternoon) (Turf) (Jumps),Afternoon,Turf,Jumps,UK
2025-11-11,Hereford (Afternoon) (Turf) (Jumps),Afternoon,Turf,Jumps,UK
2025-11-11,Huntingdon (Afternoon) (Turf) (Jumps),Afternoon,Turf,Jumps,UK
2025-11-11,Lingfield (Afternoon) (Turf) (Jumps),Afternoon,Turf,Jumps,UK
2025-11-12,Ayr (Afternoon) (Turf) (Jumps),Afternoon,Turf,Jumps,UK
2025-11-12,Bangor-on-Dee (Afternoon) (Turf) (Jumps),Afternoon,Turf,Jumps,UK
2025-11-13,Market Rasen (Afternoon) (Turf) (Jumps),Afternoon,Turf,Jumps,UK
2025-11-13,Sedgefield (Afternoon) (Turf) (Jumps),Afternoon,Turf,Jumps,UK
2025-11-13,Taunton (Afternoon) (Turf) (Jumps),Afternoon,Turf,Jumps,UK
2025-11-14,Cheltenham (Afternoon) (Turf) (Jumps),Afternoon,Turf,Jumps,UK
2025-11-14,Newcastle (Afternoon) (Turf) (Jumps),Afternoon,Turf,Jumps,UK
2025-11-14,Southwell (Afternoon) (Turf) (Jumps),Afternoon,Turf,Jumps,UK
2025-11-15,Cheltenham (Afternoon) (Turf) (Jumps),Afternoon,Turf,Jumps,UK
2025-11-15,Uttoxeter (Afternoon) (Turf) (Jumps),Afternoon,Turf,Jumps,UK
2025-11-15,Wetherby (Afternoon) (Turf) (Jumps),Afternoon,Turf,Jumps,UK
2025-11-16,Cheltenham (Afternoon) (Turf) (Jumps),Afternoon,Turf,Jumps,UK
2025-11-16,Fontwell (Afternoon) (Turf) (Jumps),Afternoon,Turf,Jumps,UK
2025-11-17,Exeter (Afternoon) (Turf) (Jumps),Afternoon,Turf,Jumps,UK
2025-11-17,Leicester (Afternoon) (Turf) (Jumps),Afternoon,Turf,Jumps,UK
2025-11-17,Newcastle () () (),,,,UK
2025-11-17,Plumpton (Afternoon) (Turf) (Jumps),Afternoon,Turf,Jumps,UK
2025-11-18,Kelso (Afternoon) (Turf) (Jumps),Afternoon,Turf,Jumps,UK
2025-11-18,Lingfield (Afternoon) (Turf) (Jumps),Afternoon,Turf,Jumps,UK
2025-11-18,Newcastle () () (),,,,UK
2025-11-19,Ffos Las (Afternoon) (Turf) (Jumps),Afternoon,Turf,Jumps,UK
2025-11-19,Hexham (Afternoon) (Turf) (Jumps),Afternoon,Turf,Jumps,UK
2025-11-19,Kempton () () (),,,,UK
2025-11-19,Warwick (Afternoon) (Turf) (Jumps),Afternoon,Turf,Jumps,UK
2025-11-20,Lingfield (Afternoon) () (Flat),Afternoon,,Flat,UK
2025-11-20,Newcastle () () (),,,,UK
2025-11-20,Southwell () () (),,,,UK
2025-11-20,Warwick (Afternoon) (Turf) (Jumps),Afternoon,Turf,Jumps,UK
2025-11-20,Wincanton (Afternoon) (Turf) (Jumps),Afternoon,Turf,Jumps,UK
2025-11-21,Ascot (Afternoon) (Turf) (Jumps),Afternoon,Turf,Jumps,UK
2025-11-21,Catterick (Afternoon) (Turf) (Jumps),Afternoon,Turf,Jumps,UK
2025-11-21,Chepstow (Afternoon) (Turf) (Jumps),Afternoon,Turf,Jumps,UK
2025-11-21,Southwell () () (),,,,UK
2025-11-22,Ascot (Afternoon) (Turf) (Jumps),Afternoon,Turf,Jumps,UK
2025-11-22,Haydock (Afternoon) (Turf) (Jumps),Afternoon,Turf,Jumps,UK
2025-11-22,Huntingdon (Afternoon) (Turf) (Jumps),Afternoon,Turf,Jumps,UK
2025-11-22,Newcastle (Afternoon) () (Flat),Afternoon,,Flat,UK
2025-11-22,Wolverhampton () () (),,,,UK
2025-11-23,Exeter (Afternoon) (Turf) (Jumps),Afternoon,Turf,Jumps,UK
2025-11-23,Windsor (Afternoon) (Turf) (Jumps),Afternoon,Turf,Jumps,UK
2025-11-24,Kempton (Afternoon) (Turf) (Jumps),Afternoon,Turf,Jumps,UK
2025-11-24,Ludlow (Afternoon) (Turf) (Jumps),Afternoon,Turf,Jumps,UK
2025-11-24,Newcastle () () (),,,,UK
2025-11-24,Sedgefield (Afternoon) (Turf) (Jumps),Afternoon,Turf,Jumps,UK
2025-11-24,Wolverhampton () () (),,,,UK
2025-11-25,Hereford (Afternoon) (Turf) (Jumps),Afternoon,Turf,Jumps,UK
2025-11-25,Lingfield (Afternoon) () (Flat),Afternoon,,Flat,UK
2025-11-25,Southwell (Afternoon) (Turf) (Jumps),Afternoon,Turf,Jumps,UK
2025-11-25,Wolverhampton () () (),,,,UK
2025-11-26,Chelmsford City () () (),,,,UK
2025-11-26,Market Rasen (Afternoon) (Turf) (Jumps),Afternoon,Turf,Jumps,UK
2025-11-26,Newcastle () () (),,,,UK
2025-11-26,Southwell (Afternoon) () (Flat),Afternoon,,Flat,UK
2025-11-26,Wetherby (Afternoon) (Turf) (Jumps),Afternoon,Turf,Jumps,UK
2025-11-27,Chelmsford City () () (),,,,UK
2025-11-27,Lingfield (Afternoon) (Turf) (Jumps),Afternoon,Turf,Jumps,UK
2025-11-27,Newcastle () () (),,,,UK
2025-11-27,Taunton (Afternoon) (Turf) (Jumps),Afternoon,Turf,Jumps,UK
2025-11-27,Uttoxeter (Afternoon) (Turf) (Jumps),Afternoon,Turf,Jumps,UK
2025-11-28,Doncaster (Afternoon) (Turf) (Jumps),Afternoon,Turf,Jumps,UK
2025-11-28,Musselburgh (Afternoon) (Turf) (Jumps),Afternoon,Turf,Jumps,UK
2025-11-28,Newbury (Afternoon) (Turf) (Jumps),Afternoon,Turf,Jumps,UK
2025-11-28,Southwell () () (),,,,UK
2025-11-29,Bangor-on-Dee (Afternoon) (Turf) (Jumps),Afternoon,Turf,Jumps,UK
2025-11-29,Doncaster (Afternoon) (Turf) (Jumps),Afternoon,Turf,Jumps,UK
2025-11-29,Newbury (Afternoon) (Turf) (Jumps),Afternoon,Turf,Jumps,UK
2025-11-29,Newcastle (Afternoon) (Turf) (Jumps),Afternoon,Turf,Jumps,UK
2025-11-29,Wolverhampton () () (),,,,UK
2025-11-30,Carlisle (Afternoon) (Turf) (Jumps),Afternoon,Turf,Jumps,UK
2025-11-30,Leicester (Afternoon) (Turf) (Jumps),Afternoon,Turf,Jumps,UK
2025-12-01,Ayr (Afternoon) (Turf) (Jumps),Afternoon,Turf,Jumps,UK
2025-12-01,Kempton (Afternoon) () (Flat),Afternoon,,Flat,UK
2025-12-01,Plumpton (Afternoon) (Turf) (Jumps),Afternoon,Turf,Jumps,UK
2025-12-01,Wolverhampton () () (),,,,UK
2025-12-02,Ffos Las (Afternoon) (Turf) (Jumps),Afternoon,Turf,Jumps,UK
2025-12-02,Lingfield (Afternoon) () (Flat),Afternoon,,Flat,UK
2025-12-02,Newcastle () () (),,,,UK
2025-12-02,Southwell (Afternoon) (Turf) (Jumps),Afternoon,Turf,Jumps,UK
2025-12-03,Haydock (Afternoon) (Turf) (Jumps),Afternoon,Turf,Jumps,UK
2025-12-03,Kempton () () (),,,,UK
2025-12-03,Lingfield (Afternoon) () (Flat),Afternoon,,Flat,UK
2025-12-03,Ludlow (Afternoon) (Turf) (Jumps),Afternoon,Turf,Jumps,UK
2025-12-04,Chelmsford City () () (),,,,UK
2025-12-04,Leicester (Afternoon) (Turf) (Jumps),Afternoon,Turf,Jumps,UK
2025-12-04,Market Rasen (Afternoon) (Turf) (Jumps),Afternoon,Turf,Jumps,UK
2025-12-04,Wincanton (Afternoon) (Turf) (Jumps),Afternoon,Turf,Jumps,UK
2025-12-05,Exeter (Afternoon) (Turf) (Jumps),Afternoon,Turf,Jumps,UK
2025-12-05,Newcastle () () (),,,,UK
2025-12-05,Sandown (Afternoon) (Turf) (Jumps),Afternoon,Turf,Jumps,UK
2025-12-05,Sedgefield (Afternoon) (Turf) (Jumps),Afternoon,Turf,Jumps,UK
2025-12-06,Aintree (Afternoon) (Turf) (Jumps),Afternoon,Turf,Jumps,UK
2025-12-06,Chepstow (Afternoon) (Turf) (Jumps),Afternoon,Turf,Jumps,UK
2025-12-06,Sandown (Afternoon) (Turf) (Jumps),Afternoon,Turf,Jumps,UK
2025-12-06,Wetherby (Afternoon) (Turf) (Jumps),Afternoon,Turf,Jumps,UK
2025-12-06,Wolverhampton () () (),,,,UK
2025-12-07,Huntingdon (Afternoon) (Turf) (Jumps),Afternoon,Turf,Jumps,UK
2025-12-07,Kelso (Afternoon) (Turf) (Jumps),Afternoon,Turf,Jumps,UK
2025-12-08,Fontwell (Afternoon) (Turf) (Jumps),Afternoon,Turf,Jumps,UK
2025-12-08,Lingfield (Afternoon) () (Flat),Afternoon,,Flat,UK
2025-12-08,Musselburgh (Afternoon) (Turf) (Jumps),Afternoon,Turf,Jumps,UK
2025-12-08,Wolverhampton () () (),,,,UK
2025-12-09,Ayr (Afternoon) (Turf) (Jumps),Afternoon,Turf,Jumps,UK
2025-12-09,Newcastle () () (),,,,UK
2025-12-09,Uttoxeter (Afternoon) (Turf) (Jumps),Afternoon,Turf,Jumps,UK
2025-12-10,Hereford (Afternoon) (Turf) (Jumps),Afternoon,Turf,Jumps,UK
2025-12-10,Hexham (Afternoon) (Turf) (Jumps),Afternoon,Turf,Jumps,UK
2025-12-10,Kempton () () (),,,,UK
2025-12-10,Leicester (Afternoon) (Turf) (Jumps),Afternoon,Turf,Jumps,UK
2025-12-11,Chelmsford City () () (),,,,UK
2025-12-11,Newcastle (Afternoon) (Turf) (Jumps),Afternoon,Turf,Jumps,UK
2025-12-11,Taunton (Afternoon) (Turf) (Jumps),Afternoon,Turf,Jumps,UK
2025-12-11,Warwick (Afternoon) (Turf) (Jumps),Afternoon,Turf,Jumps,UK
2025-12-12,Bangor-on-Dee (Afternoon) (Turf) (Jumps),Afternoon,Turf,Jumps,UK
2025-12-12,Cheltenham (Afternoon) (Turf) (Jumps),Afternoon,Turf,Jumps,UK
2025-12-12,Doncaster (Afternoon) (Turf) (Jumps),Afternoon,Turf,Jumps,UK
2025-12-12,Southwell () () (),,,,UK
2025-12-13,Cheltenham (Afternoon) (Turf) (Jumps),Afternoon,Turf,Jumps,UK
2025-12-13,Doncaster (Afternoon) (Turf) (Jumps),Afternoon,Turf,Jumps,UK
2025-12-13,Lingfield (Afternoon) (Turf) (Jumps),Afternoon,Turf,Jumps,UK
2025-12-13,Newcastle (Afternoon) () (Flat),Afternoon,,Flat,UK
2025-12-13,Wolverhampton () () (),,,,UK
2025-12-14,Carlisle (Afternoon) (Turf) (Jumps),Afternoon,Turf,Jumps,UK
2025-12-14,Southwell (Afternoon) (Turf) (Jumps),Afternoon,Turf,Jumps,UK
2025-12-15,Lingfield (Afternoon) () (Flat),Afternoon,,Flat,UK
2025-12-15,Plumpton (Afternoon) (Turf) (Jumps),Afternoon,Turf,Jumps,UK
2025-12-15,Wolverhampton () () (),,,,UK
2025-12-16,Catterick (Afternoon) (Turf) (Jumps),Afternoon,Turf,Jumps,UK
2025-12-16,Newcastle () () (),,,,UK
2025-12-16,Wincanton (Afternoon) (Turf) (Jumps),Afternoon,Turf,Jumps,UK
2025-12-17,Kempton () () (),,,,UK
2025-12-17,Lingfield (Afternoon) () (Flat),Afternoon,,Flat,UK
2025-12-17,Ludlow (Afternoon) (Turf) (Jumps),Afternoon,Turf,Jumps,UK
2025-12-17,Newbury (Afternoon) (Turf) (Jumps),Afternoon,Turf,Jumps,UK
2025-12-18,Chelmsford City () () (),,,,UK
2025-12-18,Exeter (Afternoon) (Turf) (Jumps),Afternoon,Turf,Jumps,UK
2025-12-18,Ffos Las (Afternoon) (Turf) (Jumps),Afternoon,Turf,Jumps,UK
2025-12-18,Southwell (Afternoon) () (Flat),Afternoon,,Flat,UK
2025-12-19,Ascot (Afternoon) (Turf) (Jumps),Afternoon,Turf,Jumps,UK
2025-12-19,Newcastle () () (),,,,UK
2025-12-19,Southwell (Afternoon) () (Flat),Afternoon,,Flat,UK
2025-12-19,Uttoxeter (Afternoon) (Turf) (Jumps),Afternoon,Turf,Jumps,UK
2025-12-20,Ascot (Afternoon) (Turf) (Jumps),Afternoon,Turf,Jumps,UK
2025-12-20,Haydock (Afternoon) (Turf) (Jumps),Afternoon,Turf,Jumps,UK
2025-12-20,Hereford (Afternoon) (Turf) (Jumps),Afternoon,Turf,Jumps,UK
2025-12-20,Newcastle () () (),,,,UK
2025-12-20,Wolverhampton (Afternoon) () (Flat),Afternoon,,Flat,UK
2025-12-21,Fakenham (Afternoon) (Turf) (Jumps),Afternoon,Turf,Jumps,UK
2025-12-21,Lingfield (Afternoon) (Turf) (Jumps),Afternoon,Turf,Jumps,UK
2025-12-22,Huntingdon (Afternoon) (Turf) (Jumps),Afternoon,Turf,Jumps,UK
2025-12-22,Lingfield (Afternoon) () (Flat),Afternoon,,Flat,UK
2025-12-22,Musselburgh (Afternoon) (Turf) (Jumps),Afternoon,Turf,Jumps,UK
2025-12-22,Wolverhampton () () (),,,,UK
2025-12-26,Aintree (Afternoon) (Turf) (Jumps),Afternoon,Turf,Jumps,UK
2025-12-26,Fontwell (Afternoon) (Turf) (Jumps),Afternoon,Turf,Jumps,UK
2025-12-26,Kempton (Afternoon) (Turf) (Jumps),Afternoon,Turf,Jumps,UK
2025-12-26,Market Rasen (Afternoon) (Turf) (Jumps),Afternoon,Turf,Jumps,UK
2025-12-26,Sedgefield (Afternoon) (Turf) (Jumps),Afternoon,Turf,Jumps,UK
2025-12-26,Wetherby (Afternoon) (Turf) (Jumps),Afternoon,Turf,Jumps,UK
2025-12-26,Wincanton (Afternoon) (Turf) (Jumps),Afternoon,Turf,Jumps,UK
2025-12-26,Wolverhampton (Afternoon) () (Flat),Afternoon,,Flat,UK
2025-12-27,Chepstow (Afternoon) (Turf) (Jumps),Afternoon,Turf,Jumps,UK
2025-12-27,Kempton (Afternoon) (Turf) (Jumps),Afternoon,Turf,Jumps,UK
2025-12-27,Wetherby (Afternoon) (Turf) (Jumps),Afternoon,Turf,Jumps,UK
2025-12-27,Wolverhampton () () (),,,,UK
2025-12-28,Catterick (Afternoon) (Turf) (Jumps),Afternoon,Turf,Jumps,UK
2025-12-28,Leicester (Afternoon) (Turf) (Jumps),Afternoon,Turf,Jumps,UK
2025-12-28,Southwell (Afternoon) () (Flat),Afternoon,,Flat,UK
2025-12-29,Doncaster (Afternoon) (Turf) (Jumps),Afternoon,Turf,Jumps,UK
2025-12-29,Kelso (Afternoon) (Turf) (Jumps),Afternoon,Turf,Jumps,UK
2025-12-29,Newbury (Afternoon) (Turf) (Jumps),Afternoon,Turf,Jumps,UK
2025-12-29,Newcastle () () (),,,,UK
2025-12-30,Haydock (Afternoon) (Turf) (Jumps),Afternoon,Turf,Jumps,UK
2025-12-30,Taunton (Afternoon) (Turf) (Jumps),Afternoon,Turf,Jumps,UK
2025-12-30,Wolverhampton () () (),,,,UK
2025-12-31,Lingfield (Afternoon) () (Flat),Afternoon,,Flat,UK
2025-12-31,Uttoxeter (Afternoon) (Turf) (Jumps),Afternoon,Turf,Jumps,UK
2025-12-31,Warwick (Afternoon) (Turf) (Jumps),Afternoon,Turf,Jumps,UK
